timestep,time,region,model,b0,q,alpha,k,g,r0,b,MSE,MAE,NRMSE,normalized_residual,AIC,Rrope,n_points_inside
0001,0.119270299992057,apex,Gold-Hoyle,0.9685858629935329,0.029801505836826076,,,,,,0.00022881725754584883,0.011077121930662716,0.02208583381994299,0.00023348699749576408,-834.2586870596002,0.7204454537139215,50
0001,0.119270299992057,apex,Lundquist,0.9712161760978709,,0.5,,,,,0.012037655673966807,0.08843017556218664,0.16019183280481777,0.012283322116292655,-437.9715569441679,0.7204454537139215,50
0001,0.119270299992057,apex,Exponential,0.9685829051946379,,,0.05425198119232531,0.6976593878005405,,,0.00022880638164893405,0.01107787166557941,0.02208530893360178,0.0002358828676793135,-832.263440265483,0.7204454537139215,50
0001,0.119270299992057,apex,Step-like,1.0047422343140278,,,,0.9257625012160304,0.1,0.1662427017600578,0.00048585834030560096,0.02016294352390413,0.03218283088927478,0.0005061024378183343,-754.9593455347041,0.7204454537139215,50
0002,0.238540599984114,apex,Gold-Hoyle,0.9673099773142155,0.029841305993451993,,,,,,0.00024315302149796578,0.01135287130436578,0.022796869484831946,0.0002481153280591487,-828.1819590601709,0.7204454537139213,50
0002,0.238540599984114,apex,Lundquist,0.9699297368701867,,0.5,,,,,0.012026616425071928,0.08855752529316202,0.16032716288997842,0.012272057576604007,-438.06330498975933,0.7204454537139213,50
0002,0.238540599984114,apex,Exponential,0.9673064798818669,,,0.054466028398797314,0.6991480723702796,,,0.00024314222068907193,0.011354008599772257,0.02279636316300312,0.0002506620831846102,-826.1864011389387,0.7204454537139213,50
0002,0.238540599984114,apex,Step-like,1.001106625886984,,,,0.9302855583200945,0.1,0.16672462494143253,0.000497483591466394,0.020431735597884953,0.032608044725493716,0.0005182120744441606,-752.5947981876525,0.7204454537139213,50
0003,0.357810899976171,apex,Gold-Hoyle,0.9666106393102527,0.029045996802055152,,,,,,0.0002472339255417468,0.011312395218322224,0.023003630339531615,0.00025227951585892535,-826.5175598505881,0.72044545371392,50
0003,0.357810899976171,apex,Lundquist,0.9691460355918693,,0.5,,,,,0.012102023619774142,0.08891748690519093,0.16094272334520582,0.012349003693647085,-437.4382598976431,0.72044545371392,50
0003,0.357810899976171,apex,Exponential,0.966606819626621,,,0.053135750702595685,0.7004301313615708,,,0.00024722533853912296,0.011314436055345191,0.023003230851579327,0.0002548714830300237,-824.5210331407917,0.72044545371392,50
0003,0.357810899976171,apex,Step-like,0.9993659878709807,,,,0.9323205861649606,0.1,0.16643316070478267,0.0004884870831758694,0.02020564062699853,0.03233470401902275,0.0005088407116415306,-754.4197526593779,0.72044545371392,50
0004,0.477081199968228,apex,Gold-Hoyle,0.9662389224396559,0.030182347701943214,,,,,,0.0002539852582698637,0.01160203818678231,0.023324794123863745,0.00025916863088761596,-823.8234327000412,0.7204454537139273,50
0004,0.477081199968228,apex,Lundquist,0.9688813352710578,,0.5,,,,,0.011982352987325376,0.08848769704785102,0.16020815489004478,0.012226890803393243,-438.43202958707315,0.7204454537139273,50
0004,0.477081199968228,apex,Exponential,0.9662350764436891,,,0.05518835422238299,0.7001419573011943,,,0.0002539737908329613,0.011603604041779063,0.023324267560578343,0.0002618286503432591,-821.8279478029336,0.7204454537139273,50
0004,0.477081199968228,apex,Step-like,0.9987697204928541,,,,0.9326704060848857,0.1,0.1673280568293436,0.0005112205534758078,0.02074944797140662,0.03309159627114059,0.000532521409870633,-749.8709447423272,0.7204454537139273,50
0005,0.596351499960285,apex,Gold-Hoyle,0.9658450357886676,0.030464201853218794,,,,,,0.0002589185268462601,0.01175097806258299,0.023559805535929963,0.0002642025784145512,-821.8997110050618,0.720445453714071,50
0005,0.596351499960285,apex,Lundquist,0.968510911972628,,0.5,,,,,0.01195063156259638,0.0883947089635156,0.1600610149415515,0.012194522002649368,-438.69711514909994,0.720445453714071,50
0005,0.596351499960285,apex,Exponential,0.965841102000488,,,0.05573125466482987,0.7004003937208915,,,0.0002589061768828858,0.011752279533525783,0.023559243648357247,0.0002669135844153463,-819.9044809448657,0.720445453714071,50
0005,0.596351499960285,apex,Step-like,0.9977973484536915,,,,0.9337618808097156,0.1,0.16768452903894687,0.0005194406191353486,0.02094018833345516,0.033370144827167186,0.000541083978265988,-748.2758055911089,0.720445453714071,50
0006,0.715621799952342,apex,Gold-Hoyle,0.9654783715665063,0.030390097846176783,,,,,,0.00026282503084541244,0.011832988484159247,0.023745756639014955,0.0002681888069851148,-820.4022025336544,0.7204454537147192,50
0006,0.715621799952342,apex,Lundquist,0.9681334702644256,,0.5,,,,,0.011955851885070217,0.08844282316340048,0.16015588941894768,0.01219984886231655,-438.653442288825,0.7204454537147192,50
0006,0.715621799952342,apex,Exponential,0.9654743185286165,,,0.05564146334027198,0.7008422319658827,,,0.0002628127214212028,0.011834520296747418,0.02374520056562038,0.0002709409499187658,-818.406886148601,0.7204454537147192,50
0006,0.715621799952342,apex,Step-like,0.9967073663130546,,,,0.9351623379740504,0.1,0.16784701768739113,0.0005212287801343574,0.020982936161067625,0.033440044321864607,0.000542946645973289,-747.9321493335751,0.7204454537147192,50
0007,0.834892099944399,apex,Gold-Hoyle,0.964997022265818,0.030118904698044853,,,,,,0.00026804175189654785,0.011943589995003556,0.023991981466623624,0.0002735119917311713,-818.4367795197999,0.7204454537154044,50
0007,0.834892099944399,apex,Lundquist,0.9676212127326049,,0.5,,,,,0.011980968103426857,0.08856396862482417,0.16040239530338948,0.012225477656558017,-438.4435879507465,0.7204454537154044,50
0007,0.834892099944399,apex,Exponential,0.9649927802256784,,,0.05521562454514635,0.7015240336583791,,,0.00026802972668710055,0.011945512479743872,0.02399144328211304,0.00027631930586299023,-816.4412659399453,0.7204454537154044,50
0007,0.834892099944399,apex,Step-like,0.9952139659773169,,,,0.9371371995708644,0.1,0.16803499765216282,0.0005210184034616994,0.020985303334382727,0.03344963824385755,0.000542727503605937,-747.9725191572451,0.7204454537154044,50
0008,0.954162399936456,apex,Gold-Hoyle,0.9643512406545308,0.029674841690627778,,,,,,0.00027668965867204886,0.012105462153809473,0.024391864233256833,0.00028233638640004987,-815.2614042046588,0.7204454537156093,50
0008,0.954162399936456,apex,Lundquist,0.9669248699709576,,0.5,,,,,0.012025861932159968,0.08880774066133058,0.16080762469218,0.012271287685877517,-438.0695787125827,0.7204454537156093,50
0008,0.954162399936456,apex,Exponential,0.9643479794692624,,,0.05442358630019132,0.7024868906507264,,,0.00027667783681518303,0.012104210097097227,0.024391343143655587,0.0002852348833146217,-813.2656769011655,0.7204454537156093,50
0008,0.954162399936456,apex,Step-like,0.9928239640364273,,,,0.9405634511663941,0.1,0.16841301145876117,0.0005209126024478637,0.020986962359120412,0.033468092642244124,0.0005426172942165247,-747.9928277982964,0.7204454537156093,50
0009,1.07343269992851,apex,Gold-Hoyle,0.9636986240657286,0.029039494569221846,,,,,,0.00028555913672573653,0.012276957098329502,0.02479603147366074,0.00029138687420993516,-812.1061412925073,0.7204454537158329,50
0009,1.07343269992851,apex,Lundquist,0.9662028446991701,,0.5,,,,,0.01209088881163212,0.0891139876569148,0.16134787962670158,0.012337641644522572,-437.53031007108876,0.7204454537158329,50
0009,1.07343269992851,apex,Exponential,0.9636953107419607,,,0.053351795601023363,0.7035368397158389,,,0.00028554800151778297,0.012275784566937703,0.024795548015730143,0.00029437938300802373,-810.1100408087874,0.7204454537158329,50
0009,1.07343269992851,apex,Step-like,0.9902184428927276,,,,0.9444304076891867,0.1,0.16869181395238614,0.000518203026470011,0.020926997084784515,0.03340289599313844,0.0005397948192395948,-748.5143447572336,0.7204454537158329,50
0010,1.19270299992057,apex,Gold-Hoyle,0.9397336403434874,0.02451227072103341,,,,,,0.00068595417064395,0.018084187488782273,0.03939006969569583,0.0006999532353509693,-724.46997376537,0.8897085794560016,50
0010,1.19270299992057,apex,Lundquist,0.9415268219657613,,0.5,,,,,0.012562182326958011,0.09344941547614631,0.16856668454317997,0.012818553394855114,-433.7064380809298,0.8897085794560016,50
0010,1.19270299992057,apex,Exponential,0.9397330388679008,,,0.04508394488790562,0.7041959574681097,,,0.0006859465988799107,0.01808350582956363,0.03938985229550421,0.0007071614421442379,-722.4710776008948,0.8897085794560016,50
0010,1.19270299992057,apex,Step-like,0.953663594965663,,,,0.969113620730212,0.1,0.17989420200406656,0.0008456744572482765,0.024977994116644177,0.04373617568609154,0.0008809108929669548,-699.5376073537971,0.8897085794560016,50
0011,1.31197329991263,apex,Gold-Hoyle,0.9620510344235497,0.027192650046892024,,,,,,0.0003094457694176756,0.012714072042370211,0.025855120297985947,0.0003157609892017098,-804.0727697936053,0.7204454537151508,50
0011,1.31197329991263,apex,Lundquist,0.9643535979993333,,0.5,,,,,0.012283063009967541,0.08999326575471576,0.16289495267279894,0.012533737765273006,-435.9533956505297,0.7204454537151508,50
0011,1.31197329991263,apex,Exponential,0.9620475959371418,,,0.050184796033300984,0.7062258303781324,,,0.00030943656272507786,0.012713084430653016,0.0258547356717626,0.00031900676569595655,-802.0757450579133,0.7204454537151508,50
0011,1.31197329991263,apex,Step-like,0.9825699947976931,,,,0.9564693632428135,0.1,0.16807094408891862,0.0005094545234180876,0.020696175065046188,0.03317469962550205,0.0005306817952271747,-750.2169964597867,0.7204454537151508,50
0012,1.43124359990468,apex,Gold-Hoyle,0.961044270366848,0.026096432193847673,,,,,,0.00032558093970016285,0.013006997904127446,0.02654753640557475,0.0003322254486736356,-798.9899461482344,0.7204454537145182,50
0012,1.43124359990468,apex,Lundquist,0.9632247403323997,,0.5,,,,,0.012399445263113795,0.09053618041750242,0.16383091875598854,0.012652495166442646,-435.0103544136881,0.7204454537145182,50
0012,1.43124359990468,apex,Exponential,0.9610407729208851,,,0.04828744713615609,0.7077645463841411,,,0.0003255727281503973,0.01300612748545376,0.026547201622784487,0.00033564198778391474,-796.992468302419,0.7204454537145182,50
0012,1.43124359990468,apex,Step-like,0.9771676853014898,,,,0.9654407528354431,0.1,0.1681254382173029,0.0005062170928937077,0.020577085827048754,0.03310267891960921,0.0005273094717642788,-750.8544941372231,0.7204454537145182,50
0013,1.55051389989674,apex,Gold-Hoyle,0.9605944142750641,0.03871363928996712,,,,,,0.00034792316352176317,0.01344510835589101,0.027461094270835953,0.0003550236362466971,-792.3528894171983,0.7204454537271645,50
0013,1.55051389989674,apex,Lundquist,0.9639550130633647,,0.5,,,,,0.011119172193089884,0.08639572148587428,0.15524313171900175,0.011346094074581514,-445.90844359082456,0.7204454537271645,50
0013,1.55051389989674,apex,Exponential,0.9605929109444673,,,0.0707436955344353,0.7000808721532903,,,0.0003478951147934366,0.013442743024977933,0.02745998732485185,0.00035865475751900686,-790.3609515015486,0.7204454537271645,50
0013,1.55051389989674,apex,Step-like,0.9791983328179666,,,,0.9595288344396496,0.1,0.17275608206147317,0.0007285106170690254,0.025089549206241173,0.0397369115787095,0.0007588652261135681,-714.4508357186056,0.7204454537271645,50
0014,1.6697841998888,apex,Gold-Hoyle,0.9597413493246806,0.040618472229584646,,,,,,0.00036570494601595715,0.013733903322697307,0.028179618936519702,0.00037316831226118073,-787.3683705375257,0.7204454537216219,50
0014,1.6697841998888,apex,Lundquist,0.9632563431364479,,0.5,,,,,0.01093624076954616,0.08591814664951099,0.15410038738387666,0.011159429356679754,-447.5673163476385,0.7204454537216219,50
0014,1.6697841998888,apex,Exponential,0.9597403157173859,,,0.0741642808496317,0.6995427975657913,,,0.0003656724921444291,0.013731081934299802,0.028178368532289028,0.0003769819506643599,-785.3772452634245,0.7204454537216219,50
0014,1.6697841998888,apex,Step-like,0.9755156342332251,,,,0.9651278532879715,0.1,0.1737873349707682,0.0007789061540847473,0.02596301168495553,0.04112560184127349,0.0008113605771716118,-707.7619987791063,0.7204454537216219,50
0015,1.78905449988085,apex,Gold-Hoyle,0.9579836161436648,0.02071413950342628,,,,,,0.00037477868928049703,0.013824310428002301,0.028570365476523533,0.0003824272339596909,-784.9174865458389,0.7204454537139631,50
0015,1.78905449988085,apex,Lundquist,0.959571799706394,,0.5,,,,,0.012974382403484811,0.0928775501951695,0.168101542680222,0.013239165717841644,-430.47784499466843,0.7204454537139631,50
0015,1.78905449988085,apex,Exponential,0.9579796866885631,,,0.03869319875013569,0.7132901132852347,,,0.00037477459257756316,0.013823957643791924,0.02857020932487554,0.00038636555935831244,-782.9185796510315,0.7204454537139631,50
0015,1.78905449988085,apex,Step-like,0.9624919583698772,,,,0.99,0.1,0.1675663531025124,0.0004819450047738694,0.019502905804831404,0.03239866338314457,0.0005020260466394473,-755.7680546327941,0.7204454537139631,50
0016,1.90832479987291,apex,Gold-Hoyle,0.9573511593279167,0.018820259670236646,,,,,,0.0003859325039281057,0.014097521987822584,0.029010632534658187,0.0003938086774776588,-781.9848061488041,0.7204454537701389,50
0016,1.90832479987291,apex,Lundquist,0.9587304092914655,,0.5,,,,,0.013179242524592865,0.09357946943774385,0.16953007121577557,0.01344820665774782,-428.9112223062143,0.7204454537701389,50
0016,1.90832479987291,apex,Exponential,0.9573470251294762,,,0.0352505327584601,0.714839278738113,,,0.00038592917960268355,0.014097326680493804,0.029010507589246823,0.000397865133611014,-779.9856675273346,0.7204454537701389,50
0016,1.90832479987291,apex,Step-like,0.9797414897239742,,,,0.9441723611566685,0.1,0.16729482203482163,0.0005147843839403197,0.019529934964366214,0.03350535328082865,0.0005362337332711663,-749.1762414986097,0.7204454537701389,50
0017,2.02759509986497,apex,Gold-Hoyle,0.95670418502045,0.01613133997556175,,,,,,0.000394107616393296,0.014239739397531386,0.02933514367447707,0.000402150628972751,-779.8886545370319,0.720445454060309,50
0017,2.02759509986497,apex,Lundquist,0.9577843301302967,,0.5,,,,,0.01346841262524448,0.09454497001904359,0.171490083655944,0.013743278189024979,-426.74081406233387,0.720445454060309,50
0017,2.02759509986497,apex,Exponential,0.9566997291673082,,,0.03031887758848581,0.7168103104171646,,,0.00039410549488690523,0.014239722951596995,0.02933506471789777,0.00040629432462567543,-777.8891928448461,0.720445454060309,50
0017,2.02759509986497,apex,Step-like,0.9612891828515574,,,,0.99,0.1,0.1667699313359028,0.00046094126312979603,0.01833297256806294,0.031725143808447175,0.0004801471490935376,-760.2239932781686,0.720445454060309,50
0018,2.14686539985702,apex,Gold-Hoyle,0.9561084264582044,0.013226379359307636,,,,,,0.00040367335705692424,0.014419237072721873,0.029706561104979948,0.0004119115888335962,-777.4904526692509,0.7204454547997203,50
0018,2.14686539985702,apex,Lundquist,0.9568575011252165,,0.5,,,,,0.013787556120000252,0.09560705736831321,0.17361249693584047,0.014068934816326786,-424.39888239846715,0.7204454547997203,50
0018,2.14686539985702,apex,Exponential,0.9561036083238664,,,0.02494810056313287,0.7188153527032272,,,0.00040367217124823173,0.01441942025486457,0.02970651747276638,0.0004161568775754966,-775.4907464241917,0.7204454547997203,50
0018,2.14686539985702,apex,Step-like,0.9607355569470815,,,,0.99,0.1,0.16604533032258056,0.00045019687239685976,0.01753999101310885,0.031371737572511264,0.00046895507541339543,-762.5825574436105,0.7204454547997203,50
0019,2.26613569984908,apex,Gold-Hoyle,0.9551377863930303,0.009784999375002688,,,,,,0.0004188611896678261,0.01463261161676184,0.030289866584692127,0.0004274093772120674,-773.7970980118819,0.7204454565554154,50
0019,2.26613569984908,apex,Lundquist,0.955481074783757,,0.5,,,,,0.014168658942726538,0.0969143510566814,0.17616785753324626,0.014457815247680137,-421.67228702856596,0.7204454565554154,50
0019,2.26613569984908,apex,Exponential,0.9551325089401579,,,0.01853705387225077,0.7211572514765395,,,0.0004188607210071719,0.014633049022905522,0.030289849639134735,0.00043181517629605355,-771.7972099011968,0.7204454565554154,50
0019,2.26613569984908,apex,Step-like,1.0000468783732233,,,,0.9040553216453354,0.1,0.16512396370952048,0.0005192322988178397,0.01722082653631846,0.03372431595411262,0.0005408669779352497,-748.3159183766259,0.7204454565554154,50
0020,2.38540599984114,apex,Gold-Hoyle,0.9598085442467392,0.006395113830201486,,,,,,0.0003184157284973151,0.013349507165909769,0.026283553377530834,0.00032939558120411913,-479.12916221160333,0.6342104384133245,30
0020,2.38540599984114,apex,Lundquist,0.9598303416788211,,0.5,,,,,0.014374730186589333,0.09599009905886607,0.17659836307091498,0.014870410537851037,-250.5370077220326,0.6342104384133245,30
0020,2.38540599984114,apex,Exponential,0.9598035484311116,,,0.012152526075019236,0.7229424012968276,,,0.0003184155293542942,0.013349558836398105,0.026283545158422017,0.0003351742414255727,-477.12919973671245,0.6342104384133245,30
0020,2.38540599984114,apex,Step-like,0.9637814499544398,,,,0.99,0.4075779510720022,0.10998635434146259,0.00035186150253788937,0.01377451042031632,0.02762947923090764,0.0003769944670048814,-469.1363749389107,0.6342104384133245,30
0021,2.5046762998332,footpoint,Gold-Hoyle,0.9445779022679912,0.001,,,,,,0.0003820099230194634,0.013436565567319071,0.029250396714074197,0.00042976116339689635,-137.66115147055893,0.3,9
0021,2.5046762998332,footpoint,Lundquist,0.9447055247772849,,0.5,,,,,0.013385015656156973,0.0885703301192266,0.1731425782658339,0.015058142613176596,-73.64514978061753,0.3,9
0021,2.5046762998332,footpoint,Exponential,0.9445700789788396,,,0.01,0.99,,,0.00038200985701319207,0.013436123338727865,0.029250394187032895,0.00045841182841583044,-135.66115458072153,0.3,9
0021,2.5046762998332,footpoint,Step-like,1.0079545639108196,,,,0.8781859702832437,0.1,0.05,0.00038160183764821985,0.01332052037181422,0.02923476904598756,0.0004906309341191398,-133.6803904025419,0.3,9
0021,2.5046762998332,apex,Gold-Hoyle,0.9704827803278654,0.0073158804585961405,,,,,,0.00019146081144609967,0.010893493916445313,0.02015972685369994,0.0001988246888094112,-458.28467987163816,0.5320453866995699,27
0021,2.5046762998332,apex,Lundquist,0.9707321313887992,,0.5,,,,,0.014342122154444872,0.09437328742904527,0.17448231087529345,0.014893742237308133,-225.20594117669742,0.5320453866995699,27
0021,2.5046762998332,apex,Exponential,0.9704827453047793,,,0.01374214401383501,0.7162457203426088,,,0.00019146051228770514,0.010893716679095836,0.020159711103861028,0.00020272289536345245,-456.28476424695083,0.5320453866995699,27
0021,2.5046762998332,apex,Step-like,0.9704113276305232,,,,0.99,1.0,0.05,0.000248320793950857,0.012400196377857785,0.022958908645767,0.0002681864574669255,-440.2426124615466,0.5320453866995699,27
0022,2.62394659982525,footpoint,Gold-Hoyle,0.9461798535671523,0.001,,,,,,0.0003570475057475749,0.013139896969605786,0.02823153010871293,0.00040167844396602175,-138.87755083248595,0.3,9
0022,2.62394659982525,footpoint,Lundquist,0.946338368026432,,0.5,,,,,0.013375682880643176,0.08846542520849615,0.17279429394351653,0.015047643240723574,-73.65770475677523,0.3,9
0022,2.62394659982525,footpoint,Exponential,0.9461729877655579,,,0.01,0.99,,,0.0003570474382440288,0.013139510317147393,0.02823152743998054,0.00042845692589283454,-136.87755423557357,0.3,9
0022,2.62394659982525,footpoint,Step-like,1.0089546636485998,,,,0.8794201977157149,0.1,0.05,0.0003568285554401283,0.013082959705629414,0.028222872647143033,0.0004587795712801649,-134.88859226071375,0.3,9
0022,2.62394659982525,apex,Gold-Hoyle,0.9765370484600022,0.008020671492010797,,,,,,0.00013613191069868696,0.009475400415947542,0.01689470599477514,0.00014293850623362135,-369.87922054087375,0.46919362826191313,21
0022,2.62394659982525,apex,Lundquist,0.9769349776859686,,0.5,,,,,0.01431405126726168,0.09346529463528,0.1732415068625066,0.015029753830624762,-174.35357195539382,0.46919362826191313,21
0022,2.62394659982525,apex,Exponential,0.9765384151570974,,,0.01485556100956916,0.708002945440659,,,0.00013613152179377084,0.009475653287965888,0.01689468186215672,0.00014660317731636857,-367.8793405276542,0.46919362826191313,21
0022,2.62394659982525,apex,Step-like,1.0679577590847245,,,,0.8360575667102058,0.1,0.13611062442629207,0.00014233345670105723,0.009786098597655966,0.01727524306921287,0.00015731592582748433,-364.0081943043013,0.46919362826191313,21
0023,2.74321689981731,footpoint,Gold-Hoyle,0.9477477095404455,0.001,,,,,,0.00033563965656561605,0.012941196204488005,0.027327483112225447,0.0003775946136363181,-139.9905035817079,0.3,9
0023,2.74321689981731,footpoint,Lundquist,0.9479954852682015,,0.5,,,,,0.013316158295247425,0.08817363698810525,0.17212837753545812,0.014980678082153354,-73.73798729001473,0.3,9
0023,2.74321689981731,footpoint,Exponential,0.947747361311431,,,0.01,0.715457096486134,,,0.0003396792443842395,0.013402746842066878,0.027491441087529666,0.00040761509326108734,-137.77515806809413,0.3,9
0023,2.74321689981731,footpoint,Step-like,1.010032264561609,,,,0.880455762974457,0.1,0.05,0.0003358210587282147,0.012884176862223375,0.02733486691626861,0.0004317699326505617,-135.98077780349897,0.3,9
0023,2.74321689981731,apex,Gold-Hoyle,0.9773239747893016,0.008034566479720732,,,,,,0.00013290999859057412,0.009365257085489308,0.016680190280865575,0.0001402938874011616,-335.1818574372373,0.44627810224518527,19
0023,2.74321689981731,apex,Lundquist,0.9777281438595493,,0.5,,,,,0.014323498612496495,0.09345995015309698,0.17315966185309006,0.015119248535412966,-157.3424455667947,0.44627810224518527,19
0023,2.74321689981731,apex,Exponential,0.9773259257486876,,,0.014853138717338402,0.7067887298675853,,,0.00013290960686118084,0.009365617206775631,0.016680165699849463,0.0001443018588778535,-333.1819694358749,0.44627810224518527,19
0023,2.74321689981731,apex,Step-like,0.9772913612264601,,,,0.99,1.0,0.05,0.00015124392793284538,0.010393575528581608,0.01779349037748547,0.00016903733121906246,-326.2714308435442,0.44627810224518527,19
0024,2.86248719980937,footpoint,Gold-Hoyle,0.9447529064317384,0.0016378015364486617,,,,,,0.00038193835113058876,0.013817098393379692,0.029242152877720917,0.0004296806450219124,-137.66452419628848,0.3,9
0024,2.86248719980937,footpoint,Lundquist,0.9451113721019653,,0.5,,,,,0.013180892328273805,0.08757983757179393,0.17178495087303478,0.014828503869308032,-73.92176688049244,0.3,9
0024,2.86248719980937,footpoint,Exponential,0.9447414535024106,,,0.01,0.9579457656051646,,,0.00038197412441673076,0.01383955624013599,0.029243522291666338,0.00045836894930007693,-135.6628383509333,0.3,9
0024,2.86248719980937,footpoint,Step-like,1.0082886529959483,,,,0.877933084577313,0.1,0.05,0.0003824898032307276,0.013759365911511346,0.029263255537502246,0.0004917726041537927,-133.63855409186004,0.3,9
0024,2.86248719980937,apex,Gold-Hoyle,0.9758147860439597,0.007999926425950533,,,,,,0.00014846269194097807,0.009819071765978599,0.01765611665449538,0.00015671061927103244,-330.9767205762879,0.44627811167003845,19
0024,2.86248719980937,apex,Lundquist,0.9761939364960961,,0.5,,,,,0.014317313592540824,0.09368117232255707,0.17338730359592538,0.015112719903237534,-157.35885786406266,0.44627811167003845,19
0024,2.86248719980937,apex,Exponential,0.9758155128348112,,,0.014843415979260671,0.7091364498854443,,,0.00014846230329338062,0.009819243241301397,0.01765609354427247,0.00016118764357567035,-328.9768200533198,0.44627811167003845,19
0024,2.86248719980937,apex,Step-like,0.9757812389352678,,,,0.99,1.0,0.05,0.0001666679904505115,0.010837809780037722,0.018707365161838355,0.0001862759893270422,-322.5812583824711,0.44627811167003845,19
0025,2.98175749980142,footpoint,Gold-Hoyle,0.9440260411191336,0.0028313886229856733,,,,,,0.000393135431773724,0.014029849031662368,0.029690168329443278,0.0004422773607454395,-137.14441507048153,0.3,9
0025,2.98175749980142,footpoint,Lundquist,0.9445206338608738,,0.5,,,,,0.01304668271248311,0.08703828244916313,0.1710376090180549,0.014677518051543501,-74.10598476310042,0.3,9
0025,2.98175749980142,footpoint,Exponential,0.9440286005401397,,,0.01,0.7094630133557376,,,0.0003944931588376966,0.01428822997266646,0.029741392916809033,0.0004733917906052359,-135.0823576195762,0.3,9
0025,2.98175749980142,footpoint,Step-like,1.0079037586281188,,,,0.8772488036253232,0.1,0.05,0.00039478867879827706,0.01399202199304666,0.029752530663637283,0.0005075854441692133,-133.06887863330817,0.3,9
0025,2.98175749980142,apex,Gold-Hoyle,0.9769071074492939,0.008935713443447202,,,,,,0.0001416385712364696,0.009676889193066935,0.01722645920564402,0.00015049098193874898,-297.31588837398755,0.4221185900996528,17
0025,2.98175749980142,apex,Lundquist,0.9774067604380662,,0.5,,,,,0.014218650370557825,0.09325004277476882,0.17259747543583082,0.015107316018717688,-140.60882616949246,0.4221185900996528,17
0025,2.98175749980142,apex,Exponential,0.9769086809527502,,,0.01651126992409294,0.7066490935341725,,,0.00014163801985502445,0.009677048798771324,0.01722642567537351,0.00015534492500228486,-295.3160207320404,0.4221185900996528,17
0025,2.98175749980142,apex,Step-like,1.0665602505318987,,,,0.8389009276715383,0.10745670260450363,0.16580000829886957,0.0001495520538145223,0.010108015226938119,0.017701148365901566,0.00016949232765645862,-291.4674451219754,0.4221185900996528,17
0026,3.10102779979348,footpoint,Gold-Hoyle,0.9434970737120116,0.003219294637997277,,,,,,0.0004048119872028012,0.014392124500834004,0.030144347709877617,0.0004554134856031514,-136.61758085547274,0.3,9
0026,3.10102779979348,footpoint,Lundquist,0.9440396320390074,,0.5,,,,,0.012999710972610748,0.08675636078976759,0.17082288676898466,0.014624674844187089,-74.17090678220465,0.3,9
0026,3.10102779979348,footpoint,Exponential,0.943499590174428,,,0.01,0.7104249363392294,,,0.00040577980658732606,0.014551917679270542,0.030180360560787687,0.0004869357679047913,-134.57459804392687,0.3,9
0026,3.10102779979348,footpoint,Step-like,1.0076192158681039,,,,0.8767594745199097,0.1,0.05,0.00040694744353571993,0.014366363692966956,0.030223751568989946,0.0005232181416887828,-132.52287717575916,0.3,9
0026,3.10102779979348,apex,Gold-Hoyle,0.9770693459643055,0.009777945118099422,,,,,,0.0001448997190679344,0.00989730476375109,0.017420761668992035,0.0001539559515096803,-296.54193377828574,0.4221185974097717,17
0026,3.10102779979348,apex,Lundquist,0.9776692427640241,,0.5,,,,,0.01412792701703284,0.09284667331811441,0.17201748309079673,0.015010922455597391,-140.82646123065618,0.4221185974097717,17
0026,3.10102779979348,apex,Exponential,0.977070945386175,,,0.018034968828813985,0.7056299881620404,,,0.00014489894324789453,0.009897450533609464,0.017420715031930937,0.00015892142162672306,-294.5421158210941,0.4221185974097717,17
0026,3.10102779979348,apex,Step-like,1.064770238308384,,,,0.8419946646921153,0.1,0.2236908529804511,0.00015576817060038866,0.010415191507173,0.018062286523696815,0.00017653726001377382,-290.0828190073649,0.4221185974097717,17
0027,3.22029809978554,footpoint,Gold-Hoyle,0.9437356388809983,0.0037980738193969616,,,,,,0.00040527493387473217,0.014509275521124394,0.030153974856921815,0.0004559343006090737,-136.59700765335202,0.3,9
0027,3.22029809978554,footpoint,Lundquist,0.94433996101645,,0.5,,,,,0.01294921600925691,0.08653002948884106,0.17044781343911114,0.014567868010414027,-74.24096058351851,0.3,9
0027,3.22029809978554,footpoint,Exponential,0.9437372768812415,,,0.01,0.7095967795311808,,,0.00040579953937193084,0.01461544299891447,0.030173484853444968,0.00048695944724631694,-134.5737227379599,0.3,9
0027,3.22029809978554,footpoint,Step-like,1.007847404865104,,,,0.876802432677277,0.1,0.05,0.0004082508238883642,0.014466291370608921,0.030264481057468057,0.0005248939164278967,-132.46531850023507,0.3,9
0027,3.22029809978554,apex,Gold-Hoyle,0.9786590389297635,0.009639383628134776,,,,,,0.00013003848230628128,0.009395290456625125,0.016476673557546413,0.00013870771446003336,-282.3257640282446,0.40950373285731445,16
0027,3.22029809978554,apex,Lundquist,0.9792605218067816,,0.5,,,,,0.014155206627234249,0.09273248366105341,0.17190626238687812,0.015098887069049867,-132.24552841538858,0.40950373285731445,16
0027,3.22029809978554,apex,Exponential,0.978661593483025,,,0.017710236381302175,0.7031473002710785,,,0.00013003776919313134,0.009395769409439543,0.016476628379578778,0.00014348995221311045,-280.3259395123227,0.40950373285731445,16
0027,3.22029809978554,apex,Step-like,1.1289164603689081,,,,0.7514512368718502,0.1,0.05,0.00015259776792565528,0.01053076046776222,0.017848744873908935,0.00017439744905789175,-273.20656190813907,0.40950373285731445,16
0028,3.33956839977759,footpoint,Gold-Hoyle,0.9434997314084835,0.0034063242018946608,,,,,,0.00041621660094463077,0.014740853067307247,0.030565551535881356,0.00046824367606270964,-136.11748559822817,0.3,9
0028,3.33956839977759,footpoint,Lundquist,0.944069237625667,,0.5,,,,,0.012986270536164822,0.08660239046066553,0.17073193430515984,0.014609554353185424,-74.18952665827126,0.3,9
0028,3.33956839977759,footpoint,Exponential,0.9435020172956655,,,0.01,0.7104143569290602,,,0.0004170239984373394,0.0148616056991451,0.03059518345474827,0.0005004287981248073,-134.0826021338526,0.3,9
0028,3.33956839977759,footpoint,Step-like,1.0077304240773588,,,,0.8765699761862171,0.1,0.05,0.0004186067443731575,0.014713512339986974,0.03065318796135149,0.0005382086713369168,-132.0144154112111,0.3,9
0028,3.33956839977759,apex,Gold-Hoyle,0.978568488015786,0.008375485823482055,,,,,,0.00012860034345378327,0.009299148361417943,0.016386756361735876,0.00013717369968403552,-282.6816341655866,0.40950373067750273,16
0028,3.33956839977759,apex,Lundquist,0.9790214381672452,,0.5,,,,,0.014297590633462127,0.09323258027595363,0.17278393544275322,0.015250763342359603,-131.92525577639591,0.40950373067750273,16
0028,3.33956839977759,apex,Exponential,0.9785710856623056,,,0.015426101967679748,0.7044942615156486,,,0.00012859988501990544,0.009299663091558132,0.016386727153995223,0.00014190332140127495,-280.6817482392331,0.40950373067750273,16
0028,3.33956839977759,apex,Step-like,1.1287692985048026,,,,0.7515253759308577,0.1,0.05,0.00014563278485061243,0.01009809036170365,0.017438194189957578,0.00016643746840069992,-274.70151264015783,0.40950373067750273,16
0029,3.45883869976965,footpoint,Gold-Hoyle,0.9442879686573961,0.005512668600324819,,,,,,0.00041702496284135097,0.014993386205844159,0.030569810056318824,0.00046915308319651986,-136.0825605073463,0.3,9
0029,3.45883869976965,footpoint,Lundquist,0.9450805131222381,,0.5,,,,,0.01280004606213211,0.08582988614353992,0.1693625875763784,0.014400051819898625,-74.44951716885521,0.3,9
0029,3.45883869976965,footpoint,Exponential,0.9442857514022716,,,0.010198870414464397,0.7079111660153795,,,0.0004170248419980119,0.014993214263207624,0.030569805627137698,0.0005004298103976143,-134.08256572329404,0.3,9
0029,3.45883869976965,footpoint,Step-like,1.0083857414400972,,,,0.8768790766978197,0.1,0.05,0.0004233057463444118,0.015052892382531033,0.030799154622666285,0.0005442502452999581,-131.8134849950144,0.3,9
0029,3.45883869976965,apex,Gold-Hoyle,0.9809401932936281,0.009057463739806357,,,,,,0.0001099103166151343,0.00867217785558937,0.015112964415749027,0.00011836495635475999,-251.2436829351631,0.3830269553542151,14
0029,3.45883869976965,apex,Lundquist,0.9814982414049346,,0.5,,,,,0.014234755560967774,0.09276497300829581,0.1719908873865813,0.015329736757965296,-115.0579244405903,0.3830269553542151,14
0029,3.45883869976965,apex,Exponential,0.9809432757482026,,,0.01654923165078638,0.6996036841425207,,,0.00010990975574218912,0.008672754994071573,0.01511292585492991,0.0001230989264312518,-249.24382581967907,0.3830269553542151,14
0029,3.45883869976965,apex,Step-like,0.9803348378826557,,,,0.99,1.0,0.5,0.0014959534791264524,0.027432457996849662,0.055755725898625125,0.0017452790589808614,-174.13976189039414,0.3830269553542151,14
0030,3.57810899976171,footpoint,Gold-Hoyle,0.9443631566861643,0.005283266402038859,,,,,,0.0004181673296044848,0.015056798092365799,0.030609161381677744,0.0004704382458050455,-136.0333200756605,0.3,9
0030,3.57810899976171,footpoint,Lundquist,0.9451316731175725,,0.5,,,,,0.012825733481784339,0.08588918784478322,0.16951865070927247,0.01442895016700738,-74.41343056257043,0.3,9
0030,3.57810899976171,footpoint,Exponential,0.9443612102543678,,,0.01,0.7079570506314816,,,0.00041817032908881554,0.0150633175216514,0.03060927116014297,0.0005018043949065787,-134.03319096341195,0.3,9
0030,3.57810899976171,footpoint,Step-like,1.0084373271848348,,,,0.8769309397574718,0.1,0.05,0.00042393643016821363,0.015080556995035431,0.030819582457996157,0.000545061124501989,-131.7866867283246,0.3,9
0030,3.57810899976171,apex,Gold-Hoyle,0.981966059346082,0.008984025206789096,,,,,,0.00010196130212420667,0.008351972561502616,0.01454111613788298,0.00011045807730122389,-234.96384714276,0.36907513274687387,13
0030,3.57810899976171,apex,Lundquist,0.9825260329483722,,0.5,,,,,0.014247599072309677,0.09264426295985476,0.17189011389084602,0.015434898995002147,-106.53033868620598,0.36907513274687387,13
0030,3.57810899976171,apex,Exponential,0.9819690711355779,,,0.016364852155432538,0.6977052428175631,,,0.00010196076575552738,0.00835203306515319,0.014541077890972864,0.00011525999607146575,-232.96398391643703,0.36907513274687387,13
0030,3.57810899976171,apex,Step-like,1.0784416444709153,,,,0.8290225322928858,0.1,0.05,0.00012163481098782736,0.00941279666110581,0.015882139227621096,0.00014375023116743236,-226.37667101182555,0.36907513274687387,13
0031,3.69737929975377,footpoint,Gold-Hoyle,0.9444358725930848,0.005315673684857035,,,,,,0.0004198816493961181,0.015147953635121137,0.03066942471067697,0.0004723668555706328,-135.95967808100232,0.3,9
0031,3.69737929975377,footpoint,Lundquist,0.9452084257220983,,0.5,,,,,0.012825621074622543,0.08584562650540611,0.16950455950877572,0.01442882370895036,-74.41358831867704,0.3,9
0031,3.69737929975377,footpoint,Exponential,0.9444334216351269,,,0.01,0.7079346916570971,,,0.00041988322539167306,0.015152675611220514,0.030669482268362254,0.0005038598704700077,-133.95961051942461,0.3,9
0031,3.69737929975377,footpoint,Step-like,1.0084860404483451,,,,0.8769809559792106,0.1,0.05,0.0004257224544216479,0.015181174052767372,0.030882003017092697,0.0005473574413992617,-131.71101286809719,0.3,9
0031,3.69737929975377,apex,Gold-Hoyle,0.9831832655429046,0.009106786881614268,,,,,,9.302261389149377e-05,0.008031217288656366,0.013872055615969138,0.00010147921515435682,-218.7840301639037,0.3545730533005259,12
0031,3.69737929975377,apex,Lundquist,0.9837699141912747,,0.5,,,,,0.014238533325348907,0.09243397813454639,0.17162445847779936,0.015532945445835172,-98.04328100115194,0.3545730533005259,12
0031,3.69737929975377,apex,Exponential,0.9831859894849803,,,0.016518445994891523,0.695139720457607,,,9.302207504861609e-05,0.008031723205162001,0.013872015438269977,0.0001063109429127041,-216.78416918672661,0.3545730533005259,12
0031,3.69737929975377,apex,Step-like,1.1426489242197433,,,,0.7402980666435299,0.1,0.05,0.00011325656406583312,0.009140260025358282,0.01530658272234614,0.00013590787687899972,-210.06051581452186,0.3545730533005259,12
0032,3.81664959974582,footpoint,Gold-Hoyle,0.9449502260711917,0.005318864021271577,,,,,,0.0004189644513038146,0.015251472252313589,0.030619285802802376,0.0004713350077167914,-135.99904065820826,0.3,9
0032,3.81664959974582,footpoint,Lundquist,0.9457222576614593,,0.5,,,,,0.012838926544625248,0.08584910999193499,0.16950043849265156,0.014443792362703404,-74.39492455845493,0.3,9
0032,3.81664959974582,footpoint,Exponential,0.9449478339217582,,,0.01,0.7084339883634891,,,0.00041896574861172305,0.015255770719380814,0.030619333208507977,0.0005027588983340677,-133.99898492196127,0.3,9
0032,3.81664959974582,footpoint,Step-like,1.008841931060915,,,,0.8773168197397646,0.1,0.05,0.000424818846277033,0.015262508993228814,0.030832472765200708,0.0005461956594990425,-131.74925898893989,0.3,9
0032,3.81664959974582,apex,Gold-Hoyle,0.9831384349899632,0.00849825937201586,,,,,,9.294223870432946e-05,0.008027914519473241,0.013866657501766617,0.00010139153313199578,-218.8047760689969,0.35457305921715054,12
0032,3.81664959974582,apex,Lundquist,0.9836537685350968,,0.5,,,,,0.014307741539734803,0.09266149601516134,0.17204845121550377,0.01560844531607433,-97.92690852121505,0.35457305921715054,12
0032,3.81664959974582,apex,Exponential,0.9831411705886611,,,0.015433700574840644,0.6958158197176508,,,9.29417963352426e-05,0.008028432533363097,0.013866624501765748,0.00010621919581170583,-216.80489029997932,0.35457305921715054,12
0032,3.81664959974582,apex,Step-like,1.1425973656070842,,,,0.7403053237378019,0.1,0.05,0.00011056360782093962,0.008943018736889397,0.015124162160506611,0.00013267632938512752,-210.6380693725211,0.35457305921715054,12
0033,3.93591989973788,footpoint,Gold-Hoyle,0.945196082180465,0.005198300860004396,,,,,,0.0004175208558939967,0.015248010464881405,0.030558589048730496,0.0004697109628807463,-136.0611690491989,0.3,9
0033,3.93591989973788,footpoint,Lundquist,0.9459542154585835,,0.5,,,,,0.012857067060360607,0.08589554519460967,0.16957630409712726,0.014464200442905683,-74.36950975313727,0.3,9
0033,3.93591989973788,footpoint,Exponential,0.9451940025125416,,,0.01,0.7094180921618947,,,0.0004175285660432285,0.015258459102328988,0.030558871202532912,0.0005010342792518741,-134.0608366552538,0.3,9
0033,3.93591989973788,footpoint,Step-like,1.0089966284672736,,,,0.8775051245831815,0.1,0.05,0.0004231157562385928,0.015255385433545534,0.030762654659277335,0.0005440059723067621,-131.82156565445806,0.3,9
0033,3.93591989973788,apex,Gold-Hoyle,0.9840503468850422,0.008550986717631291,,,,,,8.427928742171808e-05,0.007635096991475612,0.013192503110797818,9.270721616388991e-05,-202.39023706599164,0.3394497015796333,11
0033,3.93591989973788,apex,Lundquist,0.9845837607164051,,0.5,,,,,0.014295959275219596,0.09251997967630121,0.17181988693557432,0.015725555202741555,-89.45112369433926,0.3394497015796333,11
0033,3.93591989973788,apex,Exponential,0.9840527589145676,,,0.015479588277435062,0.6938821138209604,,,8.427885393020928e-05,0.007635875396846659,0.013192469182856523,9.758604139287392e-05,-200.3903502235408,0.3394497015796333,11
0033,3.93591989973788,apex,Step-like,0.9840165888625312,,,,0.8213402898435089,1.0,0.05,0.00010212646656906773,0.008612130795923404,0.01452231761325094,0.00012482123691774942,-194.16456996045224,0.3394497015796333,11
0034,4.05519019972994,footpoint,Gold-Hoyle,0.9461815732757018,0.005530936193013655,,,,,,0.0004062533279433894,0.015109866370575405,0.030112477354185336,0.00045703499393631307,-136.5536053405708,0.3,9
0034,4.05519019972994,footpoint,Lundquist,0.9469676835562892,,0.5,,,,,0.0128457354346586,0.08585790904124047,0.16932750421504272,0.014451452363990926,-74.38538111781625,0.3,9
0034,4.05519019972994,footpoint,Exponential,0.9461788120798292,,,0.010311173583947607,0.7118327361336193,,,0.00040625319393801883,0.015109932399032695,0.03011247238778415,0.0004875038327256226,-134.55361127799185,0.3,9
0034,4.05519019972994,footpoint,Step-like,1.0096071622724658,,,,0.8782692484653991,0.1,0.05,0.00041260439436669984,0.015145332200081752,0.030346942730313388,0.0005304913641857569,-132.2743834815751,0.3,9
0034,4.05519019972994,apex,Gold-Hoyle,0.9840454724095751,0.008275957555123326,,,,,,8.426812332526851e-05,0.0076381644475776046,0.013191679629725976,9.269493565779536e-05,-202.39315149960112,0.33944969655266527,11
0034,4.05519019972994,apex,Lundquist,0.984546711438498,,0.5,,,,,0.014327632227660154,0.09262106659318597,0.17201077282494787,0.015760395450426172,-89.40243621653154,0.33944969655266527,11
0034,4.05519019972994,apex,Exponential,0.98404788331583,,,0.014989324960927936,0.694156529242173,,,8.426772763955699e-05,0.007638949922477309,0.013191648658552881,9.757315831948705e-05,-200.3932548020795,0.33944969655266527,11
0034,4.05519019972994,apex,Step-like,0.9840139768367457,,,,0.8213539262940627,1.0,0.05,0.00010101350566963147,0.008548916320497476,0.014443024776630781,0.00012346095137399403,-194.40563905455747,0.33944969655266527,11
0035,4.17446049972199,footpoint,Gold-Hoyle,0.9471588834710081,0.005405290223378204,,,,,,0.000392725651823193,0.014900356848171795,0.02957680694413813,0.0004418163583010922,-137.16318693719757,0.3,9
0035,4.17446049972199,footpoint,Lundquist,0.9479221518451201,,0.5,,,,,0.012879612417905587,0.08596088946312419,0.16937840896461953,0.014489563970143787,-74.33797370825427,0.3,9
0035,4.17446049972199,footpoint,Exponential,0.9471556912749005,,,0.010098315655600152,0.7133107163152136,,,0.0003927255157215444,0.014900260050120052,0.02957680181911954,0.0004712706188658534,-135.1631931752166,0.3,9
0035,4.17446049972199,footpoint,Step-like,1.0101882559949802,,,,0.8790727276245218,0.1,0.05,0.00039880727963229686,0.014925919662623553,0.029804935789833197,0.000512752216670096,-132.886580746482,0.3,9
0035,4.17446049972199,apex,Gold-Hoyle,0.9860302716172518,0.009234003917324915,,,,,,7.514404011549041e-05,0.007265796005690675,0.012432173454555245,8.349337790610044e-05,-185.9220747623242,0.3236172520892313,10
0035,4.17446049972199,apex,Lundquist,0.9866568482291769,,0.5,,,,,0.01423637714313121,0.09215841579667586,0.17111951179431514,0.01581819682570134,-81.03909638805555,0.3236172520892313,10
0035,4.17446049972199,apex,Exponential,0.9860317397624085,,,0.016575975426242506,0.6889189294462005,,,7.514354005447817e-05,0.0072660708185539385,0.012432132088296691,8.840416476997432e-05,-183.92220785675693,0.3236172520892313,10
0035,4.17446049972199,apex,Step-like,0.9854369133846409,,,,0.99,1.0,0.5,0.0014567798467225743,0.02623609387759619,0.05473898655855352,0.001820974808403218,-122.630537257915,0.3236172520892313,10
0036,4.29373079971405,footpoint,Gold-Hoyle,0.9490425721045187,0.0047866283184092966,,,,,,0.0003680135525012956,0.014522570500887386,0.028575122939599497,0.00041401524656395756,-138.33303422552586,0.3,9
0036,4.29373079971405,footpoint,Lundquist,0.9497219905013048,,0.5,,,,,0.012983834818505374,0.08631737709151671,0.16972964084658057,0.014606814170818544,-74.19290307260587,0.3,9
0036,4.29373079971405,footpoint,Exponential,0.949040616126631,,,0.01,0.7172669859609087,,,0.00036807329083914927,0.014551793897246881,0.028577442094788682,0.00044168794900697914,-136.33011258634556,0.3,9
0036,4.29373079971405,footpoint,Step-like,1.011324470533051,,,,0.8805943614586533,0.1,0.05,0.0003728046113560896,0.0145222615070012,0.02876052696922122,0.00047932021460068654,-134.10020985453212,0.3,9
0036,4.29373079971405,apex,Gold-Hoyle,0.9865878129680031,0.009187311109252083,,,,,,7.180794020904895e-05,0.007115608641967176,0.012146246338777665,7.978660023227661e-05,-186.83030972457368,0.3236172604461353,10
0036,4.29373079971405,apex,Lundquist,0.9872159535107097,,0.5,,,,,0.014247830748729626,0.09209826156319464,0.1710922051892387,0.015830923054144033,-81.02301223888995,0.3236172604461353,10
0036,4.29373079971405,apex,Exponential,0.9865889844866546,,,0.016457953815779677,0.6876881347398356,,,7.180745208841048e-05,0.00711585634838829,0.01214620505613137,8.447935539812997e-05,-184.8304456767509,0.3236172604461353,10
0036,4.29373079971405,apex,Step-like,0.9859924581516248,,,,0.99,1.0,0.5,0.0014565699708493935,0.026096312927791736,0.05470430769810097,0.0018207124635617419,-122.63341883254958,0.3236172604461353,10
0037,4.41300109970611,footpoint,Gold-Hoyle,0.9503061623474809,0.004332968931399458,,,,,,0.00035304804499196747,0.014254030314652201,0.02795134935583322,0.0003971790506159634,-139.0803152480026,0.3,9
0037,4.41300109970611,footpoint,Lundquist,0.950926778543234,,0.5,,,,,0.013057885166029673,0.08660718473462203,0.16998957786141236,0.014690120811783385,-74.09053580588042,0.3,9
0037,4.41300109970611,footpoint,Exponential,0.9503074622706104,,,0.01,0.7206710690851623,,,0.0003532404956680074,0.014306883175055601,0.02795896662391007,0.0004238885948016089,-137.07050590792352,0.3,9
0037,4.41300109970611,footpoint,Step-like,1.0120594385961683,,,,0.8816611626722994,0.1,0.05,0.00035698450864239174,0.014249202459659134,0.028106745292582187,0.00045898008254021793,-134.88072701470244,0.3,9
0037,4.41300109970611,apex,Gold-Hoyle,0.9870194263921919,0.008395357632503623,,,,,,6.897928350336048e-05,0.006975899447588019,0.011899401551107152,7.66436483370672e-05,-187.63408646064835,0.3236172548818614,10
0037,4.41300109970611,apex,Lundquist,0.9875594922993937,,0.5,,,,,0.014345160181231933,0.0923603032318659,0.17160047346362944,0.015939066868035482,-80.88685326391085,0.3236172548818614,10
0037,4.41300109970611,apex,Exponential,0.9870203655179013,,,0.015033439995714229,0.6874377133338422,,,6.897891895814778e-05,0.006976133655050613,0.011899370107785471,8.115166936252679e-05,-185.63419215793954,0.3236172548818614,10
0037,4.41300109970611,apex,Step-like,0.9864009476151492,,,,0.99,1.0,0.5,0.0014806186189134716,0.026218596869328994,0.05512992275192075,0.0018507732736418394,-122.30590584220167,0.3236172548818614,10
0038,4.53227139969816,footpoint,Gold-Hoyle,0.9511104664113361,0.00408578794395342,,,,,,0.00034376873685283823,0.014124721454732576,0.027558549290432735,0.0003867398289594429,-139.55974520633183,0.3,9
0038,4.53227139969816,footpoint,Lundquist,0.9516974742452912,,0.5,,,,,0.01310172427220462,0.08675929446782363,0.17013254187450444,0.014739439806230197,-74.03020580350307,0.3,9
0038,4.53227139969816,footpoint,Exponential,0.9511158479816021,,,0.01,0.7224755119780433,,,0.0003440658991369516,0.014190658601167153,0.02757045786670599,0.00041287907896434196,-137.54419227790572,0.3,9
0038,4.53227139969816,footpoint,Step-like,1.0125391200813443,,,,0.8823186201063722,0.1,0.05,0.0003472747489708553,0.014094117003761448,0.02769872420065913,0.000446496105819671,-135.37709748380044,0.3,9
0038,4.53227139969816,apex,Gold-Hoyle,0.9866582801208271,0.0076073555253656725,,,,,,7.017828177112805e-05,0.007027636727171889,0.012006711915272817,7.797586863458672e-05,-187.2894331405904,0.3236172519715508,10
0038,4.53227139969816,apex,Lundquist,0.9871016057251382,,0.5,,,,,0.014431533515442175,0.09270389034201817,0.17217851831956674,0.016035037239380195,-80.76679278094392,0.3236172519715508,10
0038,4.53227139969816,apex,Exponential,0.9866594002381878,,,0.01365993496498973,0.6890118786097843,,,7.017801040946686e-05,0.007027900938838561,0.01200668870179168,8.256236518760809e-05,-185.28951047567898,0.3236172519715508,10
0038,4.53227139969816,apex,Step-like,0.9860164625299788,,,,0.99,1.0,0.5,0.001507196348925499,0.026513676751699328,0.05564262905193014,0.001883995436156874,-121.95008151807335,0.3236172519715508,10
0039,4.65154169969022,footpoint,Gold-Hoyle,0.9525349208252079,0.004418746574484297,,,,,,0.0003293750236850573,0.01392307660165667,0.026935587872024002,0.0003705469016456894,-140.3296441470231,0.3,9
0039,4.65154169969022,footpoint,Lundquist,0.9531470363058506,,0.5,,,,,0.01310204920949589,0.08675595677108534,0.16988331999874143,0.014739805360682878,-74.02975938907755,0.3,9
0039,4.65154169969022,footpoint,Exponential,0.952532110711843,,,0.01,0.7249966909271901,,,0.00032952108406865264,0.013968768340707365,0.026941559463607965,0.0003954253008823831,-138.3216638693773,0.3,9
0039,4.65154169969022,footpoint,Step-like,1.013438793475623,,,,0.8833895955931215,0.1,0.05,0.00033349159186229544,0.013878348542089624,0.027103387294406502,0.00042877490382295125,-136.10607223123094,0.3,9
0039,4.65154169969022,apex,Gold-Hoyle,0.9863076889121988,0.007303932089772705,,,,,,7.136390086667711e-05,0.007078192784990585,0.012111982826334479,7.929322318519679e-05,-186.95436785124764,0.32361726150431414,10
0039,4.65154169969022,apex,Lundquist,0.986712499169802,,0.5,,,,,0.014460475974363299,0.09282708139261668,0.17241190476232954,0.01606719552707033,-80.72672292202941,0.32361726150431414,10
0039,4.65154169969022,apex,Exponential,0.9863089907217415,,,0.0131402252360367,0.6901036766737889,,,7.136365773155733e-05,0.007078479006951089,0.012111962193697614,8.395724439006745e-05,-184.95443599088898,0.32361726150431414,10
0039,4.65154169969022,apex,Step-like,0.9856566776758799,,,,0.99,1.0,0.5,0.001517895317755845,0.026650857697319813,0.05585947715556771,0.001897369147194806,-121.80861124725868,0.32361726150431414,10
0040,4.77081199968228,footpoint,Gold-Hoyle,0.9539774390251351,0.004588234839845125,,,,,,0.000309466367974628,0.01352895929232363,0.02606999997887141,0.0003481496639714565,-141.45190041531984,0.3,9
0040,4.77081199968228,footpoint,Lundquist,0.9545926643872664,,0.5,,,,,0.013117988470396153,0.08684096862565938,0.16973363975571604,0.014757737029195674,-74.00787484909118,0.3,9
0040,4.77081199968228,footpoint,Exponential,0.9539741851058677,,,0.01,0.7264441307715602,,,0.00030955564004577244,0.013564480257860905,0.02607375992715109,0.00037146676805492704,-139.44670868621898,0.3,9
0040,4.77081199968228,footpoint,Step-like,1.0143051980677502,,,,0.884551882807792,0.1,0.05,0.0003139224639257313,0.013503021547607907,0.02625702387621592,0.00040361459647594026,-137.19456153164128,0.3,9
0040,4.77081199968228,apex,Gold-Hoyle,0.9876158410319353,0.00854250131088041,,,,,,6.380423108576934e-05,0.006675745484825969,0.011437494145864991,7.177975997149051e-05,-169.87443865125368,0.30696493148474824,9
0040,4.77081199968228,apex,Lundquist,0.9881794578659477,,0.5,,,,,0.014313223769328663,0.09206250112174136,0.17130690771006463,0.016102376740494747,-72.43828573712577,0.30696493148474824,9
0040,4.77081199968228,apex,Exponential,0.9876165057594514,,,0.015259880217335226,0.6860178449743417,,,6.38038632090894e-05,0.006676183592679952,0.011437461173181465,7.656463585090727e-05,-167.8745424343275,0.30696493148474824,9
0040,4.77081199968228,apex,Step-like,1.1012771467926972,,,,0.8041758626854213,0.1,0.05,8.163235944232486e-05,0.007708806699232467,0.012937111457265952,0.00010495589071156051,-161.43912641009473,0.30696493148474824,9
0041,4.89008229967433,footpoint,Gold-Hoyle,0.9551822720578537,0.005030912233349972,,,,,,0.00029906014093386503,0.013378574963130694,0.02559595487234614,0.0003364426585505981,-142.06758550175707,0.3,9
0041,4.89008229967433,footpoint,Lundquist,0.9558344021369439,,0.5,,,,,0.013105190594370203,0.0867293663429015,0.16943914048167039,0.01474333941866648,-74.0254441747759,0.3,9
0041,4.89008229967433,footpoint,Exponential,0.9551743284450683,,,0.01,0.7260851441376138,,,0.0002990693720730561,0.01338940083391841,0.02559634990659932,0.0003588832464876673,-140.06702990133513,0.3,9
0041,4.89008229967433,footpoint,Step-like,1.0150708795128358,,,,0.8854461055853791,0.1,0.05,0.0003044366153033303,0.013358791016761342,0.025825010775968275,0.0003914185053899961,-137.74685768418217,0.3,9
0041,4.89008229967433,apex,Gold-Hoyle,0.987681537309243,0.008306969714744948,,,,,,6.27482341550873e-05,0.006618139328278344,0.011341697792697829,7.059176342447323e-05,-170.17484189659564,0.3069649386602797,9
0041,4.89008229967433,apex,Lundquist,0.9882189062054828,,0.5,,,,,0.014340181123567415,0.09213018105694559,0.17145676887439046,0.016132703764013344,-72.40441663701424,0.3069649386602797,9
0041,4.89008229967433,apex,Exponential,0.9876821694837808,,,0.014840842961768281,0.6860813632682026,,,6.274789931072451e-05,0.006618574843152331,0.011341667531219651,7.529747917286939e-05,-168.17493795052604,0.3069649386602797,9
0041,4.89008229967433,apex,Step-like,1.1013231180970344,,,,0.8042188452286481,0.1,0.05,7.960718252513829e-05,0.007589622440488891,0.012774780407246488,0.00010235209181803494,-161.8913120301121,0.3069649386602797,9
0042,5.00935259966639,footpoint,Gold-Hoyle,0.9562407423771629,0.004936305113097571,,,,,,0.00029113579735537913,0.013268232593048698,0.0252268496457044,0.00032752777202480155,-142.5509732953422,0.3,9
0042,5.00935259966639,footpoint,Lundquist,0.9568768100944358,,0.5,,,,,0.013141127570890884,0.08685146191614042,0.16948510243543446,0.014783768517252245,-73.97615223390326,0.3,9
0042,5.00935259966639,footpoint,Exponential,0.9562324517369949,,,0.01,0.7263332579758979,,,0.00029115524318224303,0.013284192848683953,0.02522769211984159,0.00034938629181869164,-140.54977106189497,0.3,9
0042,5.00935259966639,footpoint,Step-like,1.015733591047817,,,,0.8862521364535948,0.1,0.05,0.00029632383800756035,0.013253124601975488,0.02545062837607102,0.00038098779172400613,-138.23303771757367,0.3,9
0042,5.00935259966639,apex,Gold-Hoyle,0.9877007568253353,0.008275785921232813,,,,,,6.26678054649785e-05,0.00661459856704435,0.01133420580848555,7.050128114810081e-05,-170.19792852254432,0.30696492979708256,9
0042,5.00935259966639,apex,Lundquist,0.9882351177875693,,0.5,,,,,0.014343664689483551,0.09212375036202683,0.1714742504624213,0.016136622775668998,-72.40004454638157,0.30696492979708256,9
0042,5.00935259966639,apex,Exponential,0.9877013790971084,,,0.014784747589196847,0.6860658124916076,,,6.266747304703527e-05,0.006615032461189767,0.011334175747608585,7.52009676564423e-05,-168.19802400281057,0.30696492979708256,9
0042,5.00935259966639,apex,Step-like,1.1013454514924943,,,,0.8042179280058034,0.1,0.05,7.940020734304679e-05,0.007567590573780951,0.012757913972117948,0.00010208598086963159,-161.9381721834421,0.30696492979708256,9
0043,5.12862289965845,footpoint,Gold-Hoyle,0.957938107047583,0.0058400237080886135,,,,,,0.00027632384238973856,0.013004840751609209,0.02453368573160137,0.0003108643226884558,-143.49086662035387,0.3,9
0043,5.12862289965845,footpoint,Lundquist,0.9586580236738917,,0.5,,,,,0.013092653136834357,0.086636073366273,0.16887581163388232,0.014729234778938652,-74.04267263488673,0.3,9
0043,5.12862289965845,footpoint,Exponential,0.9579298911071613,,,0.011163960749601251,0.7256761108308174,,,0.0002763236418103436,0.013004765838591188,0.024533676827279742,0.0003315883701724123,-141.4908796862927,0.3,9
0043,5.12862289965845,footpoint,Step-like,1.0168120223439856,,,,0.8875070183574922,0.1,0.05,0.0002836230057352204,0.013075508620685884,0.024855605410601708,0.00036465815023099764,-139.02156356871896,0.3,9
0043,5.12862289965845,apex,Gold-Hoyle,0.9876768396780832,0.007999864467213546,,,,,,6.253249537842394e-05,0.0066068005171338534,0.011322225989050486,7.034905730072695e-05,-170.23683549722307,0.3069649341685055,9
0043,5.12862289965845,apex,Lundquist,0.9881784582752255,,0.5,,,,,0.01437529347072422,0.09223502611459336,0.17166719027738675,0.01617220515456475,-72.36039698749077,0.3069649341685055,9
0043,5.12862289965845,apex,Exponential,0.9876774723078232,,,0.014299596317920892,0.6863788550105205,,,6.253219672683646e-05,0.006607242657391203,0.011322198951869396,7.503863607220375e-05,-168.2369214643877,0.3069649341685055,9
0043,5.12862289965845,apex,Step-like,1.1013072418720309,,,,0.8042383955576559,0.1,0.05,7.8167846839094e-05,0.007481685326787656,0.012658813859879886,0.00010050151736454945,-162.21973866242178,0.3069649341685055,9
0044,5.24789319965051,footpoint,Gold-Hoyle,0.9588014406610584,0.005598903868417061,,,,,,0.0002645720048070938,0.012746827217460566,0.023985009823490572,0.0002976435054079805,-144.27314798071225,0.3,9
0044,5.24789319965051,footpoint,Lundquist,0.95948636494028,,0.5,,,,,0.013137665422374488,0.0868243172052453,0.16901570266956062,0.014779873600171297,-73.98089512096561,0.3,9
0044,5.24789319965051,footpoint,Exponential,0.9587931969923003,,,0.010698246717824197,0.7256118474765225,,,0.00026457181833797053,0.012746634108401753,0.023985001371227187,0.0003174861820055647,-142.27316066703332,0.3,9
0044,5.24789319965051,footpoint,Step-like,1.0173218010138403,,,,0.8882186475107263,0.1,0.05,0.0002712949735759749,0.012766010815785923,0.024287836478985914,0.00034880782316911054,-139.82146951537592,0.3,9
0044,5.24789319965051,apex,Gold-Hoyle,0.9878866676539273,0.007667930342432006,,,,,,6.130130341539276e-05,0.006544503513822193,0.011207831170239371,6.896396634231685e-05,-170.59476984874607,0.3069649321959056,9
0044,5.24789319965051,apex,Lundquist,0.9883518724862868,,0.5,,,,,0.014416309605624681,0.09234919927050204,0.17187542151395704,0.016218348306327762,-72.30911183149303,0.3069649321959056,9
0044,5.24789319965051,apex,Exponential,0.9878871987578822,,,0.013702204571280066,0.6862002223298856,,,6.130104173265917e-05,0.006544927688191241,0.011207807248243717,7.356125007919102e-05,-168.5948466872294,0.3069649321959056,9
0044,5.24789319965051,apex,Step-like,1.1014688216103903,,,,0.8043481304269414,0.1,0.05,7.566813015445257e-05,0.007306560616687071,0.012452117985100892,9.72875959128676e-05,-162.8047625477346,0.3069649321959056,9
0045,5.36716349964256,footpoint,Gold-Hoyle,0.9599928135107846,0.005239506632317406,,,,,,0.00025123890459978503,0.012422818710845277,0.023344163319008893,0.0002826437676747582,-145.2039126148887,0.3,9
0045,5.36716349964256,footpoint,Lundquist,0.960627728411929,,0.5,,,,,0.013204561778716704,0.08706522650459424,0.16923760228825846,0.014855132001056294,-73.88947255495256,0.3,9
0045,5.36716349964256,footpoint,Exponential,0.9599845586535027,,,0.010021979894618314,0.7262210085647495,,,0.00025123874699822075,0.01242259074698638,0.023344155997138818,0.0003014864963978649,-143.20392390624914,0.3,9
0045,5.36716349964256,footpoint,Step-like,1.0179957562882014,,,,0.8892519073483274,0.1,0.05,0.0002571427039403998,0.01241762290128269,0.02361684996093991,0.00033061204792337115,-140.78582839061113,0.3,9
0045,5.36716349964256,apex,Gold-Hoyle,0.988137431785376,0.0077481682523003826,,,,,,6.020298940836767e-05,0.006492276352237874,0.011104172721032588,6.772836308441364e-05,-170.92019358186147,0.30696493089855253,9
0045,5.36716349964256,apex,Lundquist,0.9886146715659773,,0.5,,,,,0.014410674837612054,0.09231447703913712,0.17179848884980478,0.01621200919231356,-72.31614869833642,0.30696493089855253,9
0045,5.36716349964256,apex,Exponential,0.9881378482502617,,,0.013829855799228751,0.685541496179996,,,6.020272040111079e-05,0.006492668771747894,0.011104147912410874,7.224326448133295e-05,-168.92027401210933,0.30696493089855253,9
0045,5.36716349964256,apex,Step-like,1.1016773079611732,,,,0.8044508163455512,0.1,0.05,7.48747070501899e-05,0.007273177179709491,0.012383538197917567,9.626748049310129e-05,-162.994499212582,0.30696493089855253,9
0046,5.48643379963462,footpoint,Gold-Hoyle,0.9607482907215383,0.004191608573367991,,,,,,0.0002402831220325287,0.012172390234313804,0.02281177939652612,0.00027031851228659484,-146.00646771070927,0.3,9
0046,5.48643379963462,footpoint,Lundquist,0.9612589761771908,,0.5,,,,,0.013332583298916362,0.08752257448475168,0.1699239843684569,0.014999156211280907,-73.71579861724666,0.3,9
0046,5.48643379963462,footpoint,Exponential,0.9607439243854441,,,0.01,0.726936428308979,,,0.00024051917235341015,0.012230118509973575,0.02282298161077718,0.0002886230068240922,-143.9887934768332,0.3,9
0046,5.48643379963462,footpoint,Step-like,1.0183971146004265,,,,0.8899585449406694,0.1,0.05,0.00024406392583333018,0.012134081223202831,0.022990548166698918,0.0003137964760714245,-141.7254466918107,0.3,9
0046,5.48643379963462,apex,Gold-Hoyle,0.9882921534051323,0.007882285844808198,,,,,,5.9591707877189326e-05,0.006459520110001161,0.01104593879550344,6.704067136183798e-05,-171.10389391464003,0.3069649379804489,9
0046,5.48643379963462,apex,Lundquist,0.9887869520605159,,0.5,,,,,0.01439722723999564,0.09225830904109769,0.17169163882590854,0.016196880644995092,-72.33295358569048,0.3069649379804489,9
0046,5.48643379963462,apex,Exponential,0.9882925016859339,,,0.01405749228943795,0.6850564896907713,,,5.959142457667357e-05,0.006459890844700122,0.011045912539133318,7.15097094920083e-05,-169.10397948730608,0.3069649379804489,9
0046,5.48643379963462,apex,Step-like,1.1018106352977541,,,,0.8045062435621949,0.1,0.05,7.477724468415193e-05,0.007276044457875427,0.012373553649359274,9.614217173676676e-05,-163.01794458423183,0.3069649379804489,9
0047,5.60570409962668,footpoint,Gold-Hoyle,0.9623035476373938,0.004095045052385104,,,,,,0.0002214970182014875,0.011713087035570707,0.021866932853637666,0.0002491841454766734,-147.47182566618673,0.3,9
0047,5.60570409962668,footpoint,Lundquist,0.9627866196373288,,0.5,,,,,0.013383448772241251,0.0877105596235991,0.16997613498222955,0.015056379868771405,-73.64725702965966,0.3,9
0047,5.60570409962668,footpoint,Exponential,0.9622997771096695,,,0.01,0.7269992387160134,,,0.00022177985461220828,0.011776348606437382,0.02188088968188772,0.00026613582553464994,-145.4488555706409,0.3,9
0047,5.60570409962668,footpoint,Step-like,1.0193065265171053,,,,0.8912513440879243,0.1,0.05,0.00022512115805436715,0.011674956306733215,0.02204510067018275,0.00028944148892704353,-143.17969268808335,0.3,9
0047,5.60570409962668,apex,Gold-Hoyle,0.9885060555125026,0.007905215622489789,,,,,,5.876493107500791e-05,0.006412793846025335,0.010966683215067469,6.611054745938389e-05,-171.35537493659155,0.3069649421547478,9
0047,5.60570409962668,apex,Lundquist,0.9890062445765395,,0.5,,,,,0.01439737320820146,0.0922333307947533,0.1716555360143669,0.016197044859226642,-72.33277109121833,0.3069649421547478,9
0047,5.60570409962668,apex,Exponential,0.9885063121089759,,,0.01408583515272096,0.6845378758205551,,,5.8764644844177e-05,0.006413137298443923,0.010966656506904846,7.051757381301241e-05,-169.3554626107762,0.3069649421547478,9
0047,5.60570409962668,apex,Step-like,1.1019928445561864,,,,0.804587978320257,0.1,0.05,7.404087504757565e-05,0.0072243793314066655,0.01230982713975535,9.519541077545442e-05,-163.196078288391,0.3069649421547478,9
0048,5.72497439961873,footpoint,Gold-Hoyle,0.9628636859990353,0.0038513399107834028,,,,,,0.00021673183142125921,0.01161333121892753,0.021617953771653875,0.0002438233103489166,-147.86329575096025,0.3,9
0048,5.72497439961873,footpoint,Lundquist,0.9633164156265077,,0.5,,,,,0.013423341178700397,0.08785766831972996,0.17013103643372113,0.015101258826037947,-73.59368374859208,0.3,9
0048,5.72497439961873,footpoint,Exponential,0.9628606947463514,,,0.01,0.7271443671634783,,,0.00021714830066922507,0.011690344303060023,0.0216387142015485,0.0002605779608030701,-145.8287403603043,0.3,9
0048,5.72497439961873,footpoint,Step-like,1.0196331446282396,,,,0.8917197965424875,0.1,0.05,0.00021994055478882885,0.011578764175186492,0.021777393145149027,0.0002827807132999228,-143.59875848348747,0.3,9
0048,5.72497439961873,apex,Gold-Hoyle,0.9886552493270825,0.007544816277089244,,,,,,5.688398314745515e-05,0.006301812622781639,0.010788123453156684,6.399448104088704e-05,-171.94094114244487,0.3069649338130088,9
0048,5.72497439961873,apex,Lundquist,0.9891152452778708,,0.5,,,,,0.014439738678608927,0.09236909743316858,0.1718820698534081,0.016244706013435042,-72.27988236790159,0.3069649338130088,9
0048,5.72497439961873,apex,Exponential,0.988655446213204,,,0.01344322420918641,0.6845178929371509,,,5.688374022536254e-05,0.0063021448044813695,0.010788100417882278,6.826048827043506e-05,-169.9410180113047,0.3069649338130088,9
0048,5.72497439961873,apex,Step-like,1.1020923235526785,,,,0.8046899606227914,0.1,0.05,7.079959984425684e-05,0.00703079643863625,0.012035560203760004,9.102805694261593e-05,-164.00182951132257,0.3069649338130088,9
0049,5.84424469961079,footpoint,Gold-Hoyle,0.9640253226831016,0.003334415532163266,,,,,,0.00020479627485001437,0.01130102550736721,0.02098919069901496,0.0002303958092062662,-148.8829072872265,0.3,9
0049,5.84424469961079,footpoint,Lundquist,0.9644103401541572,,0.5,,,,,0.013508794314648492,0.08816311922197445,0.17046803756997458,0.015197393603979556,-73.47945874708238,0.3,9
0049,5.84424469961079,footpoint,Exponential,0.964024022092373,,,0.01,0.7273474967101393,,,0.00020558309369683313,0.011407371747606119,0.021029471849248648,0.0002466997124361998,-146.813884536019,0.3,9
0049,5.84424469961079,footpoint,Step-like,1.0202969602041652,,,,0.8927146044746987,0.1,0.05,0.0002072066940068979,0.011253162819342013,0.021112349066869436,0.0002664086065802973,-144.67228725324895,0.3,9
0049,5.84424469961079,apex,Gold-Hoyle,0.9885211442298617,0.007175354648621516,,,,,,5.6986491434893443e-05,0.00631156600003259,0.010799287983453204,6.410980286425512e-05,-171.90853327470427,0.3069649309604341,9
0049,5.84424469961079,apex,Lundquist,0.988936126774194,,0.5,,,,,0.014480408420261047,0.09252116187713617,0.1721470436428681,0.01629045947279368,-72.22925635761472,0.3069649309604341,9
0049,5.84424469961079,apex,Exponential,0.9885213959757555,,,0.012799416067345953,0.6851720089320591,,,5.698628392176933e-05,0.006311922560290491,0.010799268320933444,6.838354070612321e-05,-169.9085988208166,0.3069649309604341,9
0049,5.84424469961079,apex,Step-like,1.101966287692517,,,,0.8046601356277899,0.1,0.05,6.957135671273551e-05,0.006931920855104775,0.011932306474168626,8.944888720208852e-05,-164.31683684392524,0.3069649309604341,9
0050,5.96351499960285,footpoint,Gold-Hoyle,0.9655450398508671,0.0031541230540932112,,,,,,0.00018759136914126825,0.010779338622346292,0.020056933778095667,0.00021104029028392676,-150.46240142892944,0.3,9
0050,5.96351499960285,footpoint,Lundquist,0.9658959344245146,,0.5,,,,,0.013567781751600533,0.08841604958510865,0.1705738839993639,0.0152637544705506,-73.40103113923371,0.3,9
0050,5.96351499960285,footpoint,Exponential,0.9655452931618619,,,0.01,0.7269501707314179,,,0.00018854110909945115,0.010896390906106397,0.02010764192676535,0.00022624933091934136,-148.37150071454275,0.3,9
0050,5.96351499960285,footpoint,Step-like,1.0211613415698804,,,,0.8940196482142033,0.1,0.05,0.00018975826580875578,0.01071983958912506,0.020172441532537874,0.00024397491318268598,-146.2556723642736,0.3,9
0050,5.96351499960285,apex,Gold-Hoyle,0.9885452383675759,0.007036407409590168,,,,,,5.700897995115155e-05,0.00630889523477105,0.010801149963385,6.41351024450455e-05,-171.90143135590216,0.3069649391692124,9
0050,5.96351499960285,apex,Lundquist,0.988944210075396,,0.5,,,,,0.014496965589040704,0.09256872376357012,0.17224114930559345,0.016309086287670797,-72.2086865799426,0.3069649391692124,9
0050,5.96351499960285,apex,Exponential,0.9885454797779593,,,0.012553185699740154,0.6852454329508407,,,5.700878405602675e-05,0.0063092514128044955,0.01080113140583109,6.841054086723211e-05,-169.90149320788137,0.3069649391692124,9
0050,5.96351499960285,apex,Step-like,1.1019802956314035,,,,0.804680471258652,0.1,0.05,6.911118596597098e-05,0.006879915975063669,0.011892482842346102,8.885723909910554e-05,-164.43629100970406,0.3069649391692124,9
0051,6.0827852995949,footpoint,Gold-Hoyle,0.9664823478538774,0.0032226154776463073,,,,,,0.0001813650716502251,0.01061611047245627,0.019702266003298885,0.00020403570560650325,-151.06997447771656,0.3,9
0051,6.0827852995949,footpoint,Lundquist,0.9668346065858722,,0.5,,,,,0.013587522073253727,0.0884661010964962,0.17053341287697707,0.015285962332410441,-73.37486123484868,0.3,9
0051,6.0827852995949,footpoint,Exponential,0.9664834590391354,,,0.01,0.7264463672685518,,,0.00018225854175431998,0.010729701284538696,0.01975073663375181,0.00021871025010518398,-148.98151765831116,0.3,9
0051,6.0827852995949,footpoint,Step-like,1.0217348909590238,,,,0.894752476141587,0.1,0.05,0.00018363521741924483,0.01055321511267851,0.019825189129007027,0.00023610242239617196,-146.84606698091832,0.3,9
0051,6.0827852995949,apex,Gold-Hoyle,0.9885817313543546,0.006760557679802609,,,,,,5.6804910459306356e-05,0.0062911459761760356,0.010781404176257952,6.390552426671967e-05,-171.96597979918596,0.3,9
0051,6.0827852995949,apex,Lundquist,0.9889493622892901,,0.5,,,,,0.01521016450307248,0.09510710113625961,0.17642061961651875,0.01711143506595654,-71.34424443047389,0.3,9
0051,6.0827852995949,apex,Exponential,0.9885815598184446,,,0.012036534637130706,0.6842331769964837,,,5.680472540461877e-05,0.006291334444431109,0.010781386614827165,6.816567048554252e-05,-169.96603843830212,0.3,9
0051,6.0827852995949,apex,Step-like,1.1267844832583567,,,,0.7697123950486172,0.1,0.05,6.849472934678823e-05,0.006836957870106559,0.011838889429817472,8.806465201729914e-05,-164.59756740818682,0.3,9
0052,6.20205559958696,footpoint,Gold-Hoyle,0.9671019055344485,0.002894204814107214,,,,,,0.00017815866477938072,0.010575806400931531,0.01951486265739839,0.00020042849787680334,-151.3910484307953,0.3,9
0052,6.20205559958696,footpoint,Lundquist,0.9674138627998891,,0.5,,,,,0.013640880221824431,0.0886200017161791,0.17075885037341673,0.015345990249552483,-73.3043137313087,0.3,9
0052,6.20205559958696,footpoint,Exponential,0.967104326234389,,,0.01,0.7264167168509855,,,0.0001793680421525447,0.010708255183970016,0.019580986067436162,0.0002152416505830537,-149.2692736083792,0.3,9
0052,6.20205559958696,footpoint,Step-like,1.0221379018600325,,,,0.8951970278627784,0.1,0.05,0.00017999258243554103,0.010491972537842259,0.019615045891609166,0.00023141903455998138,-147.20670839905875,0.3,9
0052,6.20205559958696,apex,Gold-Hoyle,0.9884819151425284,0.006602843250865241,,,,,,5.757767988928568e-05,0.00633842351594218,0.01085557233865572,6.477488987544639e-05,-171.72275989846966,0.3,9
0052,6.20205559958696,apex,Lundquist,0.9888287969913886,,0.5,,,,,0.015228261631216718,0.09515890660017927,0.17654312513155118,0.017131794335118807,-71.32284067303121,0.3,9
0052,6.20205559958696,apex,Exponential,0.9884817681709713,,,0.011762806655539684,0.6845868922773103,,,5.7577506406912234e-05,0.006338624226732146,0.010855555984646001,6.909300768829469e-05,-169.72281413280803,0.3,9
0052,6.20205559958696,apex,Step-like,1.1267118328368089,,,,0.7696579801463769,0.1,0.05,6.8727302939184e-05,0.006844032427665563,0.011860153117443935,8.836367520752231e-05,-164.53655200794967,0.3,9
0053,6.32132589957902,footpoint,Gold-Hoyle,0.9677338433537748,0.0027282284169972723,,,,,,0.00017403458179864192,0.010482745797830005,0.019275143809798532,0.0001957889045234722,-151.81261748207453,0.3,9
0053,6.32132589957902,footpoint,Lundquist,0.9680238391778927,,0.5,,,,,0.013676268943691413,0.0887375651941228,0.1708691528566261,0.015385802561652841,-73.25767655507568,0.3,9
0053,6.32132589957902,footpoint,Exponential,0.9677373209195538,,,0.01,0.7261808545046803,,,0.00017542439687693098,0.010624933978852294,0.019351955023628572,0.00021050927625231716,-149.66944300558765,0.3,9
0053,6.32132589957902,footpoint,Step-like,1.022519320245483,,,,0.895701188728561,0.1,0.05,0.00017566794204068494,0.010398688263708808,0.019365383715588595,0.00022585878262373782,-147.64447058016097,0.3,9
0053,6.32132589957902,apex,Gold-Hoyle,0.9883919072767404,0.006170088010667129,,,,,,5.797623298573472e-05,0.006360896052419289,0.010894050302188272,6.522326210895156e-05,-171.59859302465483,0.3,9
0053,6.32132589957902,apex,Lundquist,0.9886833614635716,,0.5,,,,,0.015280349982464869,0.0953448501080996,0.1768605740055209,0.01719039373027298,-71.2613766349229,0.3,9
0053,6.32132589957902,apex,Exponential,0.9883917840763414,,,0.011002830220810824,0.6851691293677443,,,5.7976092470148335e-05,0.006361113367692331,0.010894037100357839,6.957131096417801e-05,-169.59863665086934,0.3,9
0053,6.32132589957902,apex,Step-like,1.1266220403233855,,,,0.7696449746114856,0.1,0.05,6.77112395934653e-05,0.006771755823183834,0.011773206505036219,8.70573080487411e-05,-164.80465041653915,0.3,9
0054,6.44059619957108,footpoint,Gold-Hoyle,0.9678842934429582,0.002742106856757999,,,,,,0.00017200307617580373,0.010414159732146062,0.019159374508128706,0.00019350346069777917,-152.0239674335694,0.3,9
0054,6.44059619957108,footpoint,Lundquist,0.9681732509306681,,0.5,,,,,0.013679634993389261,0.08874486990972105,0.17086396269940496,0.01538958936756292,-73.25324687912696,0.3,9
0054,6.44059619957108,footpoint,Exponential,0.9678879418014215,,,0.01,0.7260648896272053,,,0.00017337902107891382,0.010555649938011058,0.019235854919636267,0.00020805482529469662,-149.880548655724,0.3,9
0054,6.44059619957108,footpoint,Step-like,1.0226053658766825,,,,0.8958292542897112,0.1,0.05,0.00017365452886694075,0.010326879461024438,0.019251132212516175,0.00022327010854320954,-147.85196847263484,0.3,9
0054,6.44059619957108,apex,Gold-Hoyle,0.9885205939050394,0.005788651507716964,,,,,,5.712229021268559e-05,0.006317984840604583,0.010812111823926034,6.426257648927128e-05,-171.86569031246927,0.3,9
0054,6.44059619957108,apex,Lundquist,0.9887656871203423,,0.5,,,,,0.015329011253781036,0.09549784889324149,0.17711885441632647,0.017245137660503663,-71.20414554050268,0.3,9
0054,6.44059619957108,apex,Exponential,0.9885204384581348,,,0.010323991868182213,0.6852438221814934,,,5.7122175545173503e-05,0.006318197153843811,0.010812100971782496,6.854661065420822e-05,-169.86572644577637,0.3,9
0054,6.44059619957108,apex,Step-like,1.1267046937174123,,,,0.7697360485709843,0.1,0.05,6.569124175633434e-05,0.006647999603730187,0.011594751860806425,8.446016797242988e-05,-165.34980878928022,0.3,9
0055,6.55986649956313,footpoint,Gold-Hoyle,0.9683529004761943,0.0026476799296361484,,,,,,0.00016757357545033285,0.010276989861635564,0.018901991587600843,0.00018852027238162446,-152.49358473361855,0.3,9
0055,6.55986649956313,footpoint,Lundquist,0.96862676883833,,0.5,,,,,0.01370332840427946,0.08882554832389444,0.1709298180783195,0.015416244454814392,-73.22209747456974,0.3,9
0055,6.55986649956313,footpoint,Exponential,0.9683572464907153,,,0.01,0.7258216667277432,,,0.0001690586324543836,0.010424110913167531,0.01898556269322124,0.0002028703589452603,-150.3347692745122,0.3,9
0055,6.55986649956313,footpoint,Step-like,1.0228778731119386,,,,0.896220784674116,0.1,0.05,0.0001691165687939477,0.01018595573113091,0.01898881558770144,0.00021743558844936132,-148.32860173702076,0.3,9
0055,6.55986649956313,apex,Gold-Hoyle,0.9884606142044133,0.005952051217769327,,,,,,5.7477549714558465e-05,0.006347573683268663,0.01084634084698691,6.466224342887825e-05,-171.75408995752025,0.3,9
0055,6.55986649956313,apex,Lundquist,0.9887257857122178,,0.5,,,,,0.015307803055865642,0.09542581573067982,0.17700704757412802,0.017221278437848847,-71.22906638374519,0.3,9
0055,6.55986649956313,apex,Exponential,0.9884604729280267,,,0.010615011268536955,0.6852231890888462,,,5.747742349767877e-05,0.0063477884207438235,0.010846328938058506,6.897290819721454e-05,-169.75412948436684,0.3,9
0055,6.55986649956313,apex,Step-like,1.1266750827249126,,,,0.7696815941590374,0.1,0.05,6.653677535030652e-05,0.006707771084375133,0.01166984263776461,8.554728259325123e-05,-165.11960323615307,0.3,9
0056,6.67913679955519,footpoint,Gold-Hoyle,0.9683928893063061,0.0023324667356899,,,,,,0.00016530761927344785,0.010183317431286802,0.018773019555643554,0.0001859710716826288,-152.73864418175546,0.3,9
0056,6.67913679955519,footpoint,Lundquist,0.9686292976721044,,0.5,,,,,0.013737888939189995,0.08895559025487393,0.17113849065850134,0.015455125056588744,-73.17675765239824,0.3,9
0056,6.67913679955519,footpoint,Exponential,0.9683977410854582,,,0.01,0.7260711816581836,,,0.00016717296642981093,0.010356841226287404,0.018878640715379834,0.00020060755971577308,-150.53666787185426,0.3,9
0056,6.67913679955519,footpoint,Step-like,1.0228495580332493,,,,0.896346004233444,0.1,0.05,0.00016650443806482743,0.010103169844437376,0.018840854851451084,0.0002140771346547781,-148.6087945812849,0.3,9
0056,6.67913679955519,apex,Gold-Hoyle,0.9886642991896973,0.006367318858093244,,,,,,5.685217348628688e-05,0.006305580218603776,0.010784972986475256,6.395869517207274e-05,-171.9510096012857,0.3,9
0056,6.67913679955519,apex,Lundquist,0.9889833389928078,,0.5,,,,,0.01526059532167521,0.09526420234193272,0.17669784923224927,0.01716816973688461,-71.28466235448657,0.3,9
0056,6.67913679955519,apex,Exponential,0.9886641068818296,,,0.011339955709755349,0.6844200823177747,,,5.6852018356345283e-05,0.006305768045838994,0.010784958272232439,6.822242202761435e-05,-169.95105871713366,0.3,9
0056,6.67913679955519,apex,Step-like,1.1268328077188368,,,,0.7697790333997071,0.1,0.05,6.722219166458171e-05,0.006760617280429553,0.011727403263045047,8.642853214017648e-05,-164.93512810546335,0.3,9
0057,6.79840709954725,footpoint,Gold-Hoyle,0.9684676345684473,0.002146165413705034,,,,,,0.00016509612568221368,0.010192964701287128,0.018759557304461594,0.00018573314139249037,-152.76168801946756,0.3,9
0057,6.79840709954725,footpoint,Lundquist,0.9686827787803654,,0.5,,,,,0.013760089899358997,0.0890301187614774,0.17126348623893245,0.015480101136778873,-73.14769243475529,0.3,9
0057,6.79840709954725,footpoint,Exponential,0.9684728175123639,,,0.01,0.7261912767609435,,,0.0001672069086638523,0.01041146736152198,0.01887909854755097,0.00020064829039662273,-150.53301358368267,0.3,9
0057,6.79840709954725,footpoint,Step-like,1.0228760891786148,,,,0.8964388130307459,0.1,0.05,0.00016610908347012654,0.01013004008513219,0.018817019527432706,0.0002135688216044484,-148.6515853011596,0.3,9
0057,6.79840709954725,apex,Gold-Hoyle,0.9887921525575526,0.006044243937730133,,,,,,5.616428457421043e-05,0.00626809633281338,0.01071813820810929,6.318482014598672e-05,-172.17013083936962,0.3,9
0057,6.79840709954725,apex,Lundquist,0.9890722837616983,,0.5,,,,,0.015302135119468867,0.0953930676680062,0.17691524310431458,0.017214902009402473,-71.2357323793259,0.3,9
0057,6.79840709954725,apex,Exponential,0.9887919303816446,,,0.010764977862018814,0.6844439262550535,,,5.616415273046631e-05,0.006268278203171899,0.010718125627869808,6.739698327655957e-05,-170.1701730938051,0.3,9
0057,6.79840709954725,apex,Step-like,1.1269147654258407,,,,0.7698692925401092,0.1,0.05,6.550913975244044e-05,0.006651559827097956,0.011575511359894083,8.422603682456628e-05,-165.39977568857273,0.3,9
0058,6.9176773995393,footpoint,Gold-Hoyle,0.9678584172313258,0.001,,,,,,0.00016467163512494441,0.010195708396451845,0.018747196405353203,0.00018525558951556245,-152.8080287180614,0.3,9
0058,6.9176773995393,footpoint,Lundquist,0.9678361716940821,,0.5,,,,,0.01396674420266105,0.08984724447958406,0.17265315542744802,0.01571258722799368,-72.87937140493017,0.3,9
0058,6.9176773995393,footpoint,Exponential,0.9678584323668934,,,0.01,0.99,,,0.00016467156318391817,0.010195704318341759,0.018747192310256025,0.0001976058758207018,-150.8080365818246,0.3,9
0058,6.9176773995393,footpoint,Step-like,1.0224205450534103,,,,0.8961141272873148,0.1,0.05,0.00016444951031662974,0.010137867174944363,0.018734548135278844,0.00021143508469280967,-148.83232522521573,0.3,9
0058,6.9176773995393,apex,Gold-Hoyle,0.9891664486982126,0.005313189125239361,,,,,,5.24571101254789e-05,0.006057251785636025,0.010354468417780828,5.901424889116376e-05,-173.3992637572379,0.3,9
0058,6.9176773995393,apex,Lundquist,0.9893602977380294,,0.5,,,,,0.015394777993321349,0.09568655201685192,0.17738314155128404,0.01731912524248652,-71.12708453020703,0.3,9
0058,6.9176773995393,apex,Exponential,0.9891671094281032,,,0.01,0.6842371217128237,,,5.248129928302592e-05,0.006076548364634386,0.010356855482185092,6.29775591396311e-05,-171.39096546421604,0.3,9
0058,6.9176773995393,apex,Step-like,1.1271733469883158,,,,0.7701053075738766,0.1,0.05,5.9678501236603e-05,0.006310535805856256,0.011044208092197371,7.672950158991814e-05,-167.07769658119645,0.3,9
0059,7.03694769953136,footpoint,Gold-Hoyle,0.9681055840113454,0.001,,,,,,0.00016168223359988392,0.01008505919381671,0.018571569896961685,0.0001818925127998694,-153.1377979490657,0.3,9
0059,7.03694769953136,footpoint,Lundquist,0.9680492963532006,,0.5,,,,,0.014002770095686795,0.08998296631509187,0.172832115681221,0.015753116357647645,-72.83300188802595,0.3,9
0059,7.03694769953136,footpoint,Exponential,0.9681055840627238,,,0.01,0.99,,,0.00016168215859708275,0.010085054275540576,0.01857156558937669,0.00019401859031649928,-151.1378062990909,0.3,9
0059,7.03694769953136,footpoint,Step-like,1.0225110114594331,,,,0.8964134326383968,0.1,0.05,0.000161340495869499,0.010027209145857224,0.01855193272607133,0.00020743778040364152,-149.1758836987208,0.3,9
0059,7.03694769953136,apex,Gold-Hoyle,0.9893039430122075,0.005007749404113779,,,,,,5.169988933157706e-05,0.006011206088343282,0.010278034371343777,5.816237549802418e-05,-173.66098815856816,0.3,9
0059,7.03694769953136,apex,Lundquist,0.9894607892705023,,0.5,,,,,0.01543454632241196,0.09581379147721616,0.17758741812013895,0.017363864612713456,-71.08064625518713,0.3,9
0059,7.03694769953136,apex,Exponential,0.9893054402256353,,,0.01,0.6842043704495195,,,5.1796336999933564e-05,0.006049755104052609,0.010287616892434478,6.215560439992028e-05,-171.6274399112368,0.3,9
0059,7.03694769953136,apex,Step-like,1.1272546578400313,,,,0.7702107485284494,0.1,0.05,5.811495944341467e-05,0.006214122790678171,0.010897057148248662,7.471923357010457e-05,-167.55557378552814,0.3,9
0060,7.15621799952342,footpoint,Gold-Hoyle,0.9717541578129546,0.001,,,,,,0.0001684573546236407,0.01029335599218596,0.018885401792782742,0.00020214882554836882,-100.26593507065859,0.3,6
0060,7.15621799952342,footpoint,Lundquist,0.9714136583313928,,0.5,,,,,0.015626759933998532,0.09579485108987089,0.18189288484037858,0.018752111920798238,-45.905245446352474,0.3,6
0060,7.15621799952342,footpoint,Exponential,0.9717541577414119,,,0.01,0.99,,,0.00016845723446023983,0.010293349134541389,0.018885395057147734,0.00022460964594698643,-98.26594363045888,0.3,6
0060,7.15621799952342,footpoint,Step-like,1.010132438743547,,,,0.9254984124498845,0.13159025981806957,0.5,0.00014126823360690403,0.008760160862440578,0.017294320305402736,0.00021190235041035604,-98.37820122049068,0.3,6
0060,7.15621799952342,apex,Gold-Hoyle,0.9897439039112788,0.0035590025496489673,,,,,,4.941238383280581e-05,0.0059287809149162814,0.010043606435055247,5.9294860599366976e-05,-114.98371352088975,0.3,6
0060,7.15621799952342,apex,Lundquist,0.989709511247447,,0.5,,,,,0.01578292749757545,0.09712474255632876,0.1795004591671527,0.018939512997090534,-45.78591753459426,0.3,6
0060,7.15621799952342,apex,Exponential,0.9897483570825102,,,0.01,0.6846722000161718,,,5.051066897985388e-05,0.006146157704569734,0.010154612218747429,6.73475586398052e-05,-112.71991148725293,0.3,6
0060,7.15621799952342,apex,Step-like,1.0211815353640863,,,,0.9393967865989603,0.13025012884308282,0.49999727700204066,3.617142569393322e-05,0.004827986177902612,0.00859319360348009,5.425713854089983e-05,-114.72689282386057,0.3,6
0061,7.27548829951547,footpoint,Gold-Hoyle,0.9689694430267318,0.001,,,,,,0.00015738576323722932,0.010007915967743267,0.018306906062142372,0.00017705898364188296,-153.62259204723514,0.3,9
0061,7.27548829951547,footpoint,Lundquist,0.9688808304359493,,0.5,,,,,0.01405353735605862,0.09014784546125987,0.17299161654330655,0.015810229525565943,-72.76786062269466,0.3,9
0061,7.27548829951547,footpoint,Exponential,0.9689694429889215,,,0.01,0.99,,,0.00015738568437808872,0.010007911040115421,0.01830690147574577,0.0001888628212537065,-151.62260106625217,0.3,9
0061,7.27548829951547,footpoint,Step-like,1.023065916801855,,,,0.8970402362136966,0.1,0.05,0.0001569376607901077,0.009950020582536839,0.0182808261402984,0.0002017769924444242,-149.67391402227454,0.3,9
0061,7.27548829951547,apex,Gold-Hoyle,0.9891643769147311,0.0041127142882710485,,,,,,5.0756291817549644e-05,0.005948945298336756,0.0101852319450333,5.710082829474335e-05,-173.99254912383878,0.3,9
0061,7.27548829951547,apex,Lundquist,0.9892065985902825,,0.5,,,,,0.015541203100550668,0.09618223809426492,0.17822486676034793,0.017483853488119504,-70.95668931278921,0.3,9
0061,7.27548829951547,apex,Exponential,0.9891678798401998,,,0.01,0.6853108799314598,,,5.1331763749238054e-05,0.006043067345565697,0.01024280899213522,6.159811649908566e-05,-171.7896144273357,0.3,9
0061,7.27548829951547,apex,Step-like,1.1271208818208034,,,,0.7701830546383164,0.1,0.05,5.5080766436482756e-05,0.006060725738106561,0.010610258578293745,7.081812827547783e-05,-168.52077911937974,0.3,9
0062,7.39475859950753,footpoint,Gold-Hoyle,0.9684184238565352,0.001,,,,,,0.00016266652551261823,0.010252633548989469,0.018621979189473253,0.00018299984120169553,-153.02854944288256,0.3,9
0062,7.39475859950753,footpoint,Lundquist,0.968328202282457,,0.5,,,,,0.014044577877529135,0.09013061396389549,0.17303385643175215,0.015800150112220277,-72.7793397285097,0.3,9
0062,7.39475859950753,footpoint,Exponential,0.9684184240619962,,,0.01,0.99,,,0.0001626664457638439,0.010252628637691991,0.0186219746246736,0.00019519973491661269,-151.02855826755177,0.3,9
0062,7.39475859950753,footpoint,Step-like,1.0227311805834458,,,,0.8966069737198484,0.1,0.05,0.00016218469129747047,0.010194772677778829,0.01859437867035116,0.00020852317452531923,-149.0819463318627,0.3,9
0062,7.39475859950753,apex,Gold-Hoyle,0.9893728113478245,0.0044976885685450866,,,,,,5.005610689848363e-05,0.005908473079892302,0.010112620838139855,5.631312026079408e-05,-174.24258842687152,0.3,9
0062,7.39475859950753,apex,Lundquist,0.9894664599731602,,0.5,,,,,0.015496887581790896,0.09602423328110492,0.17793338084922142,0.017433998529514754,-71.00808937394798,0.3,9
0062,7.39475859950753,apex,Exponential,0.9893755633498721,,,0.01,0.6845210730398019,,,5.037804108629956e-05,0.005978906056842936,0.01014508821100444,6.045364930355947e-05,-172.12719271279514,0.3,9
0062,7.39475859950753,apex,Step-like,1.1272915047530256,,,,0.7702716268196411,0.1,0.05,5.5230263969507465e-05,0.006066583400215984,0.010622426845582447,7.101033938936673e-05,-168.4719905769608,0.3,9
0063,7.51402889949959,footpoint,Gold-Hoyle,0.9695372569467865,0.001,,,,,,0.00015293763763014973,0.00987692968048914,0.018035871738075297,0.00017205484233391843,-154.13864558561784,0.3,9
0063,7.51402889949959,footpoint,Lundquist,0.9694976731323619,,0.5,,,,,0.014019198367465048,0.0900390844264357,0.17267980114782006,0.015771598163398178,-72.81189638101952,0.3,9
0063,7.51402889949959,footpoint,Exponential,0.9695400228709237,,,0.01,0.99,,,0.00015293756907419357,0.009877078579441294,0.018035867695687206,0.00018352508288903228,-152.138653654315,0.3,9
0063,7.51402889949959,footpoint,Step-like,1.023408794800748,,,,0.8974898001757897,0.1,0.05,0.0001526962373550416,0.009818988781724866,0.018021631999957242,0.00019632373374219633,-150.16707964468472,0.3,9
0063,7.51402889949959,apex,Gold-Hoyle,0.9893785712324077,0.004143604749692393,,,,,,4.924681554415938e-05,0.005861982197082665,0.010030480599440304,5.540266748717931e-05,-174.5359849603871,0.3,9
0063,7.51402889949959,apex,Lundquist,0.9894274616712455,,0.5,,,,,0.01553993585608914,0.0961745181420867,0.1781793116189579,0.017482427838100282,-70.95815710972872,0.3,9
0063,7.51402889949959,apex,Exponential,0.989382026894434,,,0.01,0.6848297627924892,,,4.980232594071935e-05,0.005954458722645094,0.010086894510445284,5.9762791128863214e-05,-172.33407928754443,0.3,9
0063,7.51402889949959,apex,Step-like,1.1272817407297147,,,,0.7702964524339204,0.1,0.05,5.3637302283748286e-05,0.005978556751398668,0.010468058214462523,6.896224579339064e-05,-168.9987839530022,0.3,9
0064,7.63329919949164,footpoint,Gold-Hoyle,0.9696980366045399,0.001,,,,,,0.00015693522773448725,0.01000179835423963,0.018266962381457093,0.00017655213120129816,-153.67419308429288,0.3,9
0064,7.63329919949164,footpoint,Lundquist,0.969713123146443,,0.5,,,,,0.013976335810038248,0.08980246056699515,0.17238631133771531,0.015723377786293027,-72.86701421742762,0.3,9
0064,7.63329919949164,footpoint,Exponential,0.9696980366541652,,,0.01,0.99,,,0.00015693515995212666,0.010001793427770793,0.018266958436587665,0.00018832219194255198,-151.674200858728,0.3,9
0064,7.63329919949164,footpoint,Step-like,1.0235587270100681,,,,0.8975240975963736,0.1,0.05,0.00015690528401803543,0.009943836085241912,0.018265219602465507,0.00020173536516604557,-149.67762786644593,0.3,9
0064,7.63329919949164,apex,Gold-Hoyle,0.9893491463590178,0.003466725330842943,,,,,,4.911558019562198e-05,0.005857252106345712,0.010017392331955493,5.5255027720074736e-05,-174.58401627580082,0.3,9
0064,7.63329919949164,apex,Lundquist,0.9893118173069284,,0.5,,,,,0.015622818243262742,0.09643051992637994,0.17865893222086537,0.017575670523670584,-70.86240905857453,0.3,9
0064,7.63329919949164,apex,Exponential,0.9893536100364598,,,0.01,0.6855122764241216,,,5.0292995619510994e-05,0.00599463015459856,0.01013675141036485,6.035159474341318e-05,-172.15760500983782,0.3,9
0064,7.63329919949164,apex,Step-like,1.1272430635936082,,,,0.7703077310482351,0.1,0.05,5.2186364194028435e-05,0.005890862762800919,0.010325796561231733,6.709675396375084e-05,-169.4924074067447,0.3,9
0065,7.7525694994837,footpoint,Gold-Hoyle,0.970374720379,0.001,,,,,,0.0001509854587155429,0.009784442119228307,0.017904968501871236,0.00016985864105498573,-154.3698863430871,0.3,9
0065,7.7525694994837,footpoint,Lundquist,0.9704214270449202,,0.5,,,,,0.013959908430859938,0.08975647722392535,0.1721659584926881,0.01570489698471743,-72.88818333785198,0.3,9
0065,7.7525694994837,footpoint,Exponential,0.9703820512735148,,,0.01,0.7258792908746646,,,0.0001553947909732393,0.010204789138540699,0.01816453264018454,0.00018647374916788714,-151.85174941700475,0.3,9
0065,7.7525694994837,footpoint,Step-like,1.023971055094825,,,,0.8980532107192319,0.1,0.05,0.00015110489291513186,0.009726431160077705,0.017912048795791058,0.00019427771946231237,-150.35565341125874,0.3,9
0065,7.7525694994837,apex,Gold-Hoyle,0.9895131924710332,0.003619159095267467,,,,,,4.8133715439508805e-05,0.005801030373796916,0.009915127523986975,5.41504298694474e-05,-174.94749789684366,0.3,9
0065,7.7525694994837,apex,Lundquist,0.9894978603913298,,0.5,,,,,0.015605627075659892,0.09635988503537238,0.17853124083223146,0.017556330460117377,-70.8822269550423,0.3,9
0065,7.7525694994837,apex,Exponential,0.9895174779068147,,,0.01,0.6850257716145227,,,4.9154242968555794e-05,0.0059262591765633175,0.010019686125682778,5.8985091562266956e-05,-172.56985262083242,0.3,9
0065,7.7525694994837,apex,Step-like,1.1273799844089076,,,,0.7703750969610919,0.1,0.05,5.1481518587284576e-05,0.005852148678765031,0.010254141019766412,6.619052389793732e-05,-169.73717783787058,0.3,9
0066,7.87183979947576,footpoint,Gold-Hoyle,0.9721540155968318,0.002464826940612715,,,,,,0.00014297419092789516,0.009557541689976544,0.01739190052569355,0.00016084596479388203,-155.35123556037493,0.3,9
0066,7.87183979947576,footpoint,Lundquist,0.9723733827748342,,0.5,,,,,0.013831273514676536,0.08928381299852653,0.17106032931587392,0.015560182704011105,-73.0548149716739,0.3,9
0066,7.87183979947576,footpoint,Exponential,0.9721420721209906,,,0.01,0.9366206936434074,,,0.00014297482520527282,0.009559889700353933,0.017391939103554185,0.00017156979024632738,-153.35115570702996,0.3,9
0066,7.87183979947576,footpoint,Step-like,1.0251558642644605,,,,0.8992489757672424,0.1,0.05,0.00014431834330850347,0.009480025350425164,0.017473463066236018,0.00018555215568236163,-151.18280153342636,0.3,9
0066,7.87183979947576,apex,Gold-Hoyle,0.989189707063537,0.0040932410411320145,,,,,,5.0260310445756914e-05,0.005936236949563238,0.010135090873469435,5.654284925147654e-05,-174.1693069251624,0.3,9
0066,7.87183979947576,apex,Lundquist,0.989230478342852,,0.5,,,,,0.015542928834460496,0.09617723759942884,0.1782302814447171,0.017485794938768062,-70.95469065891193,0.3,9
0066,7.87183979947576,apex,Exponential,0.9891932447444164,,,0.01,0.6852734387380518,,,5.085111827515393e-05,0.006031603020364159,0.01019448562060256,6.1021341930184725e-05,-171.9589516392208,0.3,9
0066,7.87183979947576,apex,Step-like,1.1271524353038709,,,,0.7701795090734996,0.1,0.05,5.4543751758341276e-05,0.0060323174065402,0.010558143667922498,7.012768083215307e-05,-168.69713275834516,0.3,9
0067,7.99111009946782,footpoint,Gold-Hoyle,0.9721229124854275,0.0026928466962917535,,,,,,0.00014301547497951562,0.009557196702236936,0.017394837399956564,0.0001608924093519551,-155.3460387786886,0.3,9
0067,7.99111009946782,footpoint,Lundquist,0.9723785802493956,,0.5,,,,,0.013803212416535022,0.08921816428966799,0.17089090226636616,0.0155286139686019,-73.09137074053265,0.3,9
0067,7.99111009946782,footpoint,Exponential,0.972114834187659,,,0.01,0.9271932014487758,,,0.0001430153697971823,0.009557046143735965,0.01739483100334136,0.00017161844375661875,-153.34605201699503,0.3,9
0067,7.99111009946782,footpoint,Step-like,1.025145095078377,,,,0.8992232049150951,0.1,0.05,0.00014462986164227854,0.009491174922082079,0.017492740053151993,0.0001859526792543581,-151.1439895107484,0.3,9
0067,7.99111009946782,apex,Gold-Hoyle,0.9892206667122967,0.003499178117506537,,,,,,4.987815481303094e-05,0.005906321499875335,0.01009616211898827,5.6112924164659805e-05,-174.3066933855666,0.3,9
0067,7.99111009946782,apex,Lundquist,0.9891861350440672,,0.5,,,,,0.015616806738256713,0.09641426328940489,0.17864762384641583,0.017568907580538806,-70.86933661237848,0.3,9
0067,7.99111009946782,apex,Exponential,0.9892250766538419,,,0.01,0.685753876788474,,,5.101754233894199e-05,0.006038607220681477,0.010210826409815197,6.122105080673038e-05,-171.90013795233327,0.3,9
0067,7.99111009946782,apex,Step-like,1.1271484323003629,,,,0.770236850195425,0.1,0.05,5.3006446447433425e-05,0.0059326802916069964,0.01040795656772293,6.815114543241441e-05,-169.211746033468,0.3,9
0068,8.11038039945987,footpoint,Gold-Hoyle,0.9727198632141624,0.002373879378092887,,,,,,0.0001425209727560982,0.00959326901679007,0.01735407480113014,0.00016033609435061046,-155.40838492699018,0.3,9
0068,8.11038039945987,footpoint,Lundquist,0.9729383997665513,,0.5,,,,,0.01385576563808667,0.08936347119166374,0.17111076800254604,0.015587736342847502,-73.02296914417947,0.3,9
0068,8.11038039945987,footpoint,Exponential,0.9727241098330148,,,0.01,0.9433952227328083,,,0.00014252084619826902,0.00959379924562101,0.0173540670959676,0.00017102501543792283,-153.4084009108968,0.3,9
0068,8.11038039945987,footpoint,Step-like,1.025528926157503,,,,0.8996567901499382,0.1,0.05,0.00014377780977446405,0.009541219939991085,0.017430426259641144,0.00018485718399573948,-151.25034575335343,0.3,9
0068,8.11038039945987,apex,Gold-Hoyle,0.9890598225680011,0.0031622350634144905,,,,,,5.0346908764688306e-05,0.0059292487188102785,0.010145131278395506,5.664027236027435e-05,-174.13831968375018,0.3,9
0068,8.11038039945987,apex,Lundquist,0.9889801667119814,,0.5,,,,,0.015656028660341798,0.09655348746485018,0.17890071230409718,0.017613032242884526,-70.82418592753267,0.3,9
0068,8.11038039945987,apex,Exponential,0.9890645816893564,,,0.01,0.686404307122365,,,5.1872115768475746e-05,0.006104928766646528,0.010297652852941422,6.22465389221709e-05,-171.6011249038462,0.3,9
0068,8.11038039945987,apex,Step-like,1.1270134653780641,,,,0.7701727512125885,0.1,0.05,5.2900064863668756e-05,0.005934084865200164,0.010399186529194443,6.801436911043126e-05,-169.24790753273612,0.3,9
0069,8.22965069945193,footpoint,Gold-Hoyle,0.9734901512513335,0.0019046038715642996,,,,,,0.00013506608738054308,0.009336208773011551,0.01688087267847227,0.00015194934830311093,-156.3754344035652,0.3,9
0069,8.22965069945193,footpoint,Lundquist,0.9736484429486473,,0.5,,,,,0.013927314440830072,0.08964824647633171,0.17141760582978174,0.01566822874593383,-72.93025938754283,0.3,9
0069,8.22965069945193,footpoint,Exponential,0.9734905844763826,,,0.01,0.9633472347124387,,,0.00013506598916852798,0.009336793839594194,0.0168808665410885,0.00016207918700223353,-154.3754474920979,0.3,9
0069,8.22965069945193,footpoint,Step-like,1.025917298145035,,,,0.9004013059430858,0.1,0.05,0.00013587608491452387,0.009293480641793266,0.016931414700701895,0.00017469782346153068,-152.26780996978516,0.3,9
0069,8.22965069945193,apex,Gold-Hoyle,0.9891419129786723,0.0030435243747917815,,,,,,4.95652212753464e-05,0.005881342790297718,0.010065237112491913,5.576087393476469e-05,-174.41998041140954,0.3,9
0069,8.22965069945193,apex,Lundquist,0.989048006545176,,0.5,,,,,0.01567167362113293,0.09660644032470436,0.17897533121937417,0.01763063282377455,-70.80620763374635,0.3,9
0069,8.22965069945193,apex,Exponential,0.9891467928837228,,,0.01,0.6863368942866357,,,5.124356532576607e-05,0.00607725712404057,0.010234229575759502,6.149227839091927e-05,-171.82056869279313,0.3,9
0069,8.22965069945193,apex,Step-like,1.1270666997472292,,,,0.7702284261271101,0.1,0.05,5.192997224935264e-05,0.005873767987943262,0.010302545254131736,6.676710717773912e-05,-169.58105947426867,0.3,9
0070,8.34892099944399,footpoint,Gold-Hoyle,0.9732108056996681,0.0013047000484004351,,,,,,0.00013762656129677578,0.00948278555587787,0.01704497186727371,0.00015482988145887276,-156.03739900065221,0.3,9
0070,8.34892099944399,footpoint,Lundquist,0.9733044288025094,,0.5,,,,,0.013983022814919617,0.08985130016403023,0.1718089139186885,0.01573090066678457,-72.85840414222771,0.3,9
0070,8.34892099944399,footpoint,Exponential,0.9732009620426954,,,0.01,0.9836971365436497,,,0.00013762670480086937,0.009480620581628574,0.017044980753721854,0.0001651520457610433,-154.03738023194728,0.3,9
0070,8.34892099944399,footpoint,Step-like,1.0257225388628135,,,,0.9002272357932786,0.1,0.05,0.00013800336889029872,0.009417380187517066,0.017068289621564557,0.00017743290285895548,-151.98818416498543,0.3,9
0070,8.34892099944399,apex,Gold-Hoyle,0.9892787515335879,0.0033577453523116023,,,,,,4.882286892482841e-05,0.005838955699075053,0.009988209253912372,5.4925727540431966e-05,-174.69161075992693,0.3,9
0070,8.34892099944399,apex,Lundquist,0.9892267982267987,,0.5,,,,,0.01563451844998933,0.09648055978504443,0.17873855354210486,0.017588833256237994,-70.84893358349052,0.3,9
0070,8.34892099944399,apex,Exponential,0.9892833349171685,,,0.01,0.685756343867073,,,5.012043631370764e-05,0.00598349943440068,0.01012006742227161,6.014452357644916e-05,-172.21947064754016,0.3,9
0070,8.34892099944399,apex,Step-like,1.1271791438841379,,,,0.7702861341899915,0.1,0.05,5.1702972206442197e-05,0.005855157640972062,0.010278594646116196,6.64752499797114e-05,-169.65991484694624,0.3,9
0071,8.46819129943604,footpoint,Gold-Hoyle,0.9734804229792395,0.001,,,,,,0.00013566536460069532,0.009421510872779655,0.01691843578159584,0.00015262353517578222,-156.29574652524752,0.3,9
0071,8.46819129943604,footpoint,Lundquist,0.973532331920664,,0.5,,,,,0.014028347444662734,0.0900342376500842,0.17203981659585024,0.015781890875245577,-72.80015322199301,0.3,9
0071,8.46819129943604,footpoint,Exponential,0.9734804230302236,,,0.01,0.99,,,0.0001356653031410006,0.009421505927159284,0.016918431949364893,0.00016279836376920068,-154.29575467968507,0.3,9
0071,8.46819129943604,footpoint,Step-like,1.025893076726715,,,,0.900427331537132,0.1,0.05,0.00013586051174366634,0.009363310688046304,0.016930599527229917,0.0001746778008132853,-152.26987312268494,0.3,9
0071,8.46819129943604,apex,Gold-Hoyle,0.9895013270407638,0.0034069359694860004,,,,,,4.754864376090103e-05,0.0057660567287512,0.009854803505918622,5.3492224231013655e-05,-175.16763087308743,0.3,9
0071,8.46819129943604,apex,Lundquist,0.9894585001903224,,0.5,,,,,0.015631407029996224,0.09646311329961614,0.1786808205970646,0.017585332908745754,-70.8525161136218,0.3,9
0071,8.46819129943604,apex,Exponential,0.9895058806489883,,,0.01,0.685241885161344,,,4.8795743780103374e-05,0.005904434341245856,0.009983202338984339,5.855489253612405e-05,-172.70161402864966,0.3,9
0071,8.46819129943604,apex,Step-like,1.1273518553616406,,,,0.7703963108374595,0.1,0.05,5.0514532083783925e-05,0.0057966647671910294,0.010157505580194192,6.494725553629362e-05,-170.07849062645465,0.3,9
0072,8.5874615994281,footpoint,Gold-Hoyle,0.9735910151346109,0.001,,,,,,0.00013438027925377136,0.009361053496339412,0.0168362261717455,0.0001511778141604928,-156.46706356896652,0.3,9
0072,8.5874615994281,footpoint,Lundquist,0.9736113212294399,,0.5,,,,,0.014060088514832678,0.09014595831550824,0.17221501309821952,0.015817599579186763,-72.75947174673816,0.3,9
0072,8.5874615994281,footpoint,Exponential,0.9735910151552796,,,0.01,0.99,,,0.00013438021432867056,0.009361048548471095,0.01683622210457947,0.00016125625719440466,-154.46707226557064,0.3,9
0072,8.5874615994281,footpoint,Step-like,1.0259320498476705,,,,0.9005637230483227,0.1,0.05,0.0001344592403406998,0.009302853286328815,0.01684117188065113,0.00017287616615232828,-152.45648997772406,0.3,9
0072,8.5874615994281,apex,Gold-Hoyle,0.9894781251139697,0.004240900151057568,,,,,,4.829783355680111e-05,0.00579390516369165,0.009932379785781102,5.4335062751401264e-05,-174.88622896705954,0.3,9
0072,8.5874615994281,apex,Lundquist,0.9895408368194001,,0.5,,,,,0.015528645709494707,0.09613292306508561,0.17809686833727706,0.017469726423181543,-70.9712393064298,0.3,9
0072,8.5874615994281,apex,Exponential,0.9894814029481862,,,0.01,0.684527829941375,,,4.878433133201701e-05,0.005880458766930219,0.009982278228271019,5.854119759842041e-05,-172.70582439766292,0.3,9
0072,8.5874615994281,apex,Step-like,1.1273596381132283,,,,0.7703443248730327,0.1,0.05,5.289755353583855e-05,0.005926239839631647,0.010394588124424646,6.801114026036385e-05,-169.2487620680419,0.3,9
0073,8.70673189942016,footpoint,Gold-Hoyle,0.973448286177903,0.001,,,,,,0.00013110143873381474,0.009297569179016493,0.016632053266900034,0.00014748911857554158,-156.91170533546529,0.3,9
0073,8.70673189942016,footpoint,Lundquist,0.9733769570970804,,0.5,,,,,0.014139298980268052,0.09051279677057747,0.1727253483714657,0.015906711352801563,-72.65834954130726,0.3,9
0073,8.70673189942016,footpoint,Exponential,0.9734482863948876,,,0.01,0.99,,,0.00013110136417472933,0.009297564242792003,0.016632048537467355,0.00015732163700967519,-154.91171557230115,0.3,9
0073,8.70673189942016,footpoint,Step-like,1.0257894208977336,,,,0.9005507451654826,0.1,0.05,0.00013081943596860403,0.009239397631024557,0.016614155637374495,0.00016819641767391947,-152.9504655274677,0.3,9
0073,8.70673189942016,apex,Gold-Hoyle,0.989632473398458,0.004507593695314352,,,,,,4.7875311673620965e-05,0.005761759143835225,0.009887307361179461,5.3859725632823584e-05,-175.0443904299758,0.3,9
0073,8.70673189942016,apex,Lundquist,0.9897307596382925,,0.5,,,,,0.015498336572954763,0.09602671156227814,0.17789542197782937,0.017435628644574108,-71.00640641525493,0.3,9
0073,8.70673189942016,apex,Exponential,0.989635198403229,,,0.01,0.6839629425105122,,,4.819468981358003e-05,0.005831903108388988,0.009920231855887666,5.783362777629604e-05,-172.92471045726768,0.3,9
0073,8.70673189942016,apex,Step-like,1.127479918746402,,,,0.7704182599881024,0.1,0.05,5.307317549558921e-05,0.005926440381594674,0.010410216570954145,6.823693992290042e-05,-169.18910034562361,0.3,9
0074,8.82600219941221,footpoint,Gold-Hoyle,0.9736892889279711,0.001,,,,,,0.0001309125550117995,0.009325472299487039,0.01661595840580082,0.0001472766243882744,-156.93765744214997,0.3,9
0074,8.82600219941221,footpoint,Lundquist,0.9734986107098558,,0.5,,,,,0.014258804204602531,0.09090721934281341,0.17341086302139125,0.01604115473017785,-72.50685303311161,0.3,9
0074,8.82600219941221,footpoint,Exponential,0.9736892890230613,,,0.01,0.99,,,0.00013091246567400018,0.009325467355258691,0.016615952736239906,0.00015709495880880022,-154.9376697257764,0.3,9
0074,8.82600219941221,footpoint,Step-like,1.025915878613795,,,,0.9007754677957691,0.1,0.05,0.00013017279300807196,0.009267312283627174,0.0165689450820829,0.00016736501958180676,-153.0396604974732,0.3,9
0074,8.82600219941221,apex,Gold-Hoyle,0.9897458420823971,0.003933097454060057,,,,,,4.686189739890595e-05,0.00570837055759995,0.009780978481218535,5.271963457376919e-05,-175.4295010441641,0.3,9
0074,8.82600219941221,apex,Lundquist,0.9897726517024296,,0.5,,,,,0.015570651747673506,0.09625653740313009,0.1782894990491959,0.01751698321613269,-70.9226138255469,0.3,9
0074,8.82600219941221,apex,Exponential,0.9897496820568302,,,0.01,0.684248630176225,,,4.759279677806945e-05,0.00581440532051607,0.009856959732563324,5.711135613368334e-05,-173.15092407645122,0.3,9
0074,8.82600219941221,apex,Step-like,1.127541123622393,,,,0.7705150796747346,0.1,0.05,5.0817949888011e-05,0.005798866846490142,0.010185466842722011,6.533736414172844e-05,-169.97069623349702,0.3,9
0075,8.94527249940427,footpoint,Gold-Hoyle,0.9723446128785427,0.001,,,,,,0.00014008806498542645,0.009615239154933347,0.0172119912161119,0.00015759907310860475,-155.71830722659493,0.3,9
0075,8.94527249940427,footpoint,Lundquist,0.9721113350438795,,0.5,,,,,0.01426942798064433,0.09097467911149662,0.17371360354827894,0.01605310647822487,-72.49344680616163,0.3,9
0075,8.94527249940427,footpoint,Exponential,0.9723446130062876,,,0.01,0.99,,,0.00014008797015361757,0.009615234219356117,0.017211985390331745,0.00016810556418434108,-153.71831941159533,0.3,9
0075,8.94527249940427,footpoint,Step-like,1.025052692914618,,,,0.899803128953649,0.1,0.05,0.0001391321608261108,0.00955717107382765,0.017153166871085115,0.0001788842067764282,-151.8415528970346,0.3,9
0075,8.94527249940427,apex,Gold-Hoyle,0.9899355215959114,0.004519476098481995,,,,,,4.608513948091868e-05,0.005668831270495531,0.009697740283370736,5.184578191603351e-05,-175.73035986001412,0.3,9
0075,8.94527249940427,apex,Lundquist,0.9900392707158511,,0.5,,,,,0.015500730524278115,0.09601411465663295,0.17785504099397273,0.01743832183981288,-71.00362625908005,0.3,9
0075,8.94527249940427,apex,Exponential,0.9899382114412354,,,0.01,0.6833208780742969,,,4.640132226711305e-05,0.005738612022540164,0.009730950741926262,5.568158672053567e-05,-173.6072864481168,0.3,9
0075,8.94527249940427,apex,Step-like,1.1277107375512292,,,,0.7705744022249383,0.1,0.05,5.13114767615875e-05,0.0058209352892837005,0.010232867551242272,6.597189869346965e-05,-169.79672966986956,0.3,9
0076,9.06454279939633,footpoint,Gold-Hoyle,0.9726266214444574,0.001,,,,,,0.0001385692910358869,0.009564310536947111,0.01711350000969134,0.00015589045241537277,-155.91452097089743,0.3,9
0076,9.06454279939633,footpoint,Lundquist,0.9723327339570506,,0.5,,,,,0.014333243519477424,0.09122180561411747,0.17405142435780174,0.016124898959412104,-72.41312692381133,0.3,9
0076,9.06454279939633,footpoint,Exponential,0.9726266215679644,,,0.01,0.99,,,0.0001385691891532696,0.00956430559970032,0.017113493718367775,0.0001662830269839235,-153.91453420534322,0.3,9
0076,9.06454279939633,footpoint,Step-like,1.0252156971972861,,,,0.9000393077494616,0.1,0.05,0.00013738102474242459,0.00950623872121683,0.017039965757353986,0.00017663274609740302,-152.0695410894158,0.3,9
0076,9.06454279939633,apex,Gold-Hoyle,0.9896991805155569,0.0046919618261690495,,,,,,4.7724967405070194e-05,0.005771685203479984,0.009871111369132789,5.369058833070396e-05,-175.10100530671784,0.3,9
0076,9.06454279939633,apex,Lundquist,0.9898210934181764,,0.5,,,,,0.01547716412217043,0.09596211897018793,0.17776199904303835,0.01741180963744173,-71.03101322805163,0.3,9
0076,9.06454279939633,apex,Exponential,0.9897014699309403,,,0.01,0.6836576779593454,,,4.79489256023906e-05,0.005830421377790757,0.009894245264733648,5.753871072286872e-05,-173.01673456777377,0.3,9
0076,9.06454279939633,apex,Step-like,1.1275293049771813,,,,0.7704531767408287,0.1,0.05,5.3357542838490586e-05,0.005936703969189824,0.010437371517564893,6.860255507805934e-05,-169.09291337373307,0.3,9
0077,9.18381309938838,footpoint,Gold-Hoyle,0.9728875676757271,0.001,,,,,,0.00013653167795045894,0.009499267819203234,0.016982691606715415,0.00015359813769426627,-156.1811700207662,0.3,9
0077,9.18381309938838,footpoint,Lundquist,0.9725326634620233,,0.5,,,,,0.014396345596005718,0.09144877673952258,0.17438773670945643,0.016195888795506437,-72.33405588667361,0.3,9
0077,9.18381309938838,footpoint,Exponential,0.9728875678692324,,,0.01,0.99,,,0.0001365315695569335,0.009499261103705437,0.016982684865370815,0.0001638378834683202,-154.18118431110707,0.3,9
0077,9.18381309938838,footpoint,Step-like,1.0253033956889996,,,,0.9003686961705244,0.1,0.05,0.00013511694570984985,0.00942139884936977,0.016894475724776398,0.00017372178734123556,-152.36865788676405,0.3,9
0077,9.18381309938838,apex,Gold-Hoyle,0.9896797122757274,0.005073987782820933,,,,,,4.787799982590784e-05,0.005768075854645384,0.00988712759748519,5.3862749804146316e-05,-175.0433797758395,0.3,9
0077,9.18381309938838,apex,Lundquist,0.9898489098111486,,0.5,,,,,0.015430412280211983,0.09582928128166053,0.1774969539753263,0.017359213815238483,-71.08546808313758,0.3,9
0077,9.18381309938838,apex,Exponential,0.9896810207330489,,,0.01,0.6833499499860527,,,4.795705576742027e-05,0.005802951103688449,0.009895287021348701,5.754846692090433e-05,-173.01368276713018,0.3,9
0077,9.18381309938838,apex,Step-like,1.1275161298725507,,,,0.7704378163788228,0.1,0.05,5.446610549403995e-05,0.00600601602100378,0.010545454470484671,7.00278499209085e-05,-168.72277508103733,0.3,9
0078,9.30308339938044,footpoint,Gold-Hoyle,0.9730364066067688,0.001,,,,,,0.0001362391333430706,0.009520733659165701,0.016961898599708623,0.00015326902501095442,-156.21977975975102,0.3,9
0078,9.30308339938044,footpoint,Lundquist,0.9726474464498835,,0.5,,,,,0.014432515257201255,0.09157132124816872,0.17458002008117346,0.016236579664351415,-72.28888904873304,0.3,9
0078,9.30308339938044,footpoint,Exponential,0.9730364065769482,,,0.01,0.99,,,0.00013623902062031852,0.009520726930201456,0.01696189158266352,0.00016348682474438223,-154.21979465275797,0.3,9
0078,9.30308339938044,footpoint,Step-like,1.0253866123695923,,,,0.9004982709912196,0.1,0.05,0.00013469506851091693,0.009436003478262742,0.016865505952544182,0.00017317937379975032,-152.42494741660556,0.3,9
0078,9.30308339938044,apex,Gold-Hoyle,0.9898352333215488,0.004758851971413655,,,,,,4.668073669772369e-05,0.0056942671230078845,0.00976119390999146,5.251582878493916e-05,-175.49922105279774,0.3,9
0078,9.30308339938044,apex,Lundquist,0.9899670766047088,,0.5,,,,,0.015470665085041897,0.09594443966319757,0.17770047220763152,0.017404498220672134,-71.03857322001375,0.3,9
0078,9.30308339938044,apex,Exponential,0.9898373448631395,,,0.01,0.6833117967544252,,,4.6875284507047764e-05,0.005749000968636525,0.009781513259453421,5.625034140845731e-05,-173.42435969175412,0.3,9
0078,9.30308339938044,apex,Step-like,1.1276282484817859,,,,0.770529178568879,0.1,0.05,5.24757098282587e-05,0.005877740691406907,0.01034935419868425,6.746876977918976e-05,-169.39288263363312,0.3,9
0079,9.4223536993725,footpoint,Gold-Hoyle,0.975154930441501,0.001,,,,,,0.00012187497901221622,0.009061898482696847,0.016008222131650755,0.00013710935138874325,-158.22526626767487,0.3,9
0079,9.4223536993725,footpoint,Lundquist,0.974733326057429,,0.5,,,,,0.01451055414960293,0.09185320460791045,0.1746738224313425,0.01632437341830329,-72.19182239367652,0.3,9
0079,9.4223536993725,footpoint,Exponential,0.9751549306995928,,,0.01,0.99,,,0.00012187486561425023,0.009061891755120163,0.01600821468426383,0.0001462498387371003,-156.22528301569272,0.3,9
0079,9.4223536993725,footpoint,Step-like,1.026673070010212,,,,0.9021587101291093,0.1,0.05,0.00012027060144977764,0.008984501850857635,0.015902505938295324,0.0001546336304354284,-154.46379400318102,0.3,9
0079,9.4223536993725,apex,Gold-Hoyle,0.9898638406194722,0.005176332326749187,,,,,,4.76664469222927e-05,0.005748456207519387,0.00986342999828413,5.362475278757928e-05,-175.1230904976647,0.3,9
0079,9.4223536993725,apex,Lundquist,0.9900481321903507,,0.5,,,,,0.01542120162856432,0.095772050525869,0.17741105730136209,0.01734885183213486,-71.09621576947018,0.3,9
0079,9.4223536993725,apex,Exponential,0.9898648643819956,,,0.01,0.682879256447965,,,4.772007044677215e-05,0.005777156445238421,0.009868976491096785,5.7264084536126586e-05,-173.1028523434958,0.3,9
0079,9.4223536993725,apex,Step-like,1.127658559724766,,,,0.770528901165775,0.1,0.05,5.452426671149341e-05,0.0060070071873518935,0.010549126328372134,7.010262862906295e-05,-168.70356417326371,0.3,9
0080,9.54162399936456,footpoint,Gold-Hoyle,0.9740857200905014,0.012779468173471212,,,,,,0.0001561858162329267,0.009760156483910628,0.01814206395630456,0.00018742297947951203,-101.17356948135225,0.3,6
0080,9.54162399936456,footpoint,Lundquist,0.9755650465041066,,0.5,,,,,0.013928659681105026,0.0932502852680941,0.17132492940879976,0.016714391617326033,-47.285680566831104,0.3,6
0080,9.54162399936456,footpoint,Exponential,0.9740835410938848,,,0.02351984525117439,0.7048211276549485,,,0.0001561875770718538,0.009760225420967283,0.01814216622283287,0.00020825010276247176,-99.17343419411304,0.3,6
0080,9.54162399936456,footpoint,Step-like,0.9789079440282539,,,,0.99,0.1,0.4506722814996648,0.0001960283503636601,0.011466234493216418,0.02032475599483084,0.0002940425255454901,-94.44701511255928,0.3,6
0080,9.54162399936456,apex,Gold-Hoyle,0.9904083595590383,0.005632497372668674,,,,,,4.851332427975568e-05,0.005839678025834574,0.009945200090705555,5.821598913570681e-05,-115.20406459665159,0.3,6
0080,9.54162399936456,apex,Lundquist,0.9906460067393865,,0.5,,,,,0.015537217499916645,0.09628855702764515,0.17797935580322205,0.018644660999899972,-45.97420404883741,0.3,6
0080,9.54162399936456,apex,Exponential,0.9904078347177138,,,0.01,0.6815593681908,,,4.8513264565550573e-05,0.005840782699525942,0.009945193970016966,6.468435275406743e-05,-113.20407936725118,0.3,6
0080,9.54162399936456,apex,Step-like,1.024876057178925,,,,0.9338675120850891,0.13058698623586026,0.4999954988723867,3.7545151562261094e-05,0.0049741918027658765,0.008749030665938956,5.6317727343391634e-05,-114.27959537163832,0.3,6
0081,9.66089429935661,footpoint,Gold-Hoyle,0.9735522794639353,0.001,,,,,,0.00012985891126778148,0.009333588293894841,0.016551303637680988,0.00014609127517625417,-157.08311576798792,0.3,9
0081,9.66089429935661,footpoint,Lundquist,0.9728808277389952,,0.5,,,,,0.014707885708428188,0.09265769804747706,0.17614545853229502,0.01654637142198171,-71.94868675183785,0.3,9
0081,9.66089429935661,footpoint,Exponential,0.9735522796289181,,,0.01,0.99,,,0.00012985876915731087,0.009333581572213166,0.016551294581259028,0.0001558305229887731,-155.08313546621136,0.3,9
0081,9.66089429935661,footpoint,Step-like,1.025539867263187,,,,0.9011859570574293,0.1,0.05,0.00012724389346599788,0.009200434849423391,0.016383806192115165,0.00016359929159914013,-153.44928791750064,0.3,9
0081,9.66089429935661,apex,Gold-Hoyle,0.9901615703195873,0.003785146991067102,,,,,,4.534410701147568e-05,0.005604589345488638,0.009617251713520817,5.101212038791015e-05,-176.02214562343835,0.3,9
0081,9.66089429935661,apex,Lundquist,0.9901742240174112,,0.5,,,,,0.015596033481318553,0.09630508792811036,0.1783600706543469,0.017545537666483375,-70.89329589820059,0.3,9
0081,9.66089429935661,apex,Exponential,0.9901656836713327,,,0.01,0.6835212987372151,,,4.621566546904263e-05,0.005720348461696543,0.00970923833047566,5.545879856285115e-05,-173.67945089334282,0.3,9
0081,9.66089429935661,apex,Step-like,1.1278411278838743,,,,0.7707530618207626,0.1,0.05,4.900891588605614e-05,0.005673736007011694,0.009998344673644365,6.30114632820722e-05,-170.6231493845749,0.3,9
0082,9.78016459934867,footpoint,Gold-Hoyle,0.9716343210150149,0.001,,,,,,0.00015821852603886078,0.010342295688087482,0.018304933196113135,0.00017799584179371836,-153.52760116382925,0.3,9
0082,9.78016459934867,footpoint,Lundquist,0.970434659291375,,0.5,,,,,0.015177755052258416,0.09433744946459718,0.17928470912067143,0.01707497443379072,-71.38263931530581,0.3,9
0082,9.78016459934867,footpoint,Exponential,0.971634320997345,,,0.01,0.99,,,0.0001582183210199149,0.010342287753255384,0.01830492133637895,0.00018986198522389792,-151.52762448817364,0.3,9
0082,9.78016459934867,footpoint,Step-like,1.0241232783794247,,,,0.9001276380730852,0.1,0.05,0.00015348886985719665,0.010143497612686334,0.01802926097802165,0.00019734283267353855,-150.0738849302399,0.3,9
0082,9.78016459934867,apex,Gold-Hoyle,0.9902029644543762,0.0027317385456307533,,,,,,4.3965594841809785e-05,0.005534962023355355,0.009469535160053305,4.9461294197036e-05,-176.57785656653581,0.3,9
0082,9.78016459934867,apex,Lundquist,0.9900819107855056,,0.5,,,,,0.015726013637118754,0.0967288764206754,0.1790941945573218,0.0176917653417586,-70.74390232722898,0.3,9
0082,9.78016459934867,apex,Exponential,0.9902082768521322,,,0.01,0.684386492106949,,,4.610708698909842e-05,0.005768893781647079,0.009697416003545756,5.532850438691809e-05,-173.72178961149632,0.3,9
0082,9.78016459934867,apex,Step-like,1.1278412142062242,,,,0.770823134563166,0.1,0.05,4.587145873725182e-05,0.0055185433937447095,0.009672605154038384,5.897758980503804e-05,-171.8140136771343,0.3,9
0083,9.89943489934073,footpoint,Gold-Hoyle,0.9724236753841558,0.01499924746246884,,,,,,0.00011782224746760936,0.00846059269104564,0.01578492322265836,0.00013255002840106053,-158.83400188636725,0.3,9
0083,9.89943489934073,footpoint,Lundquist,0.9740036392745395,,0.5,,,,,0.012486042384490066,0.08759743705043989,0.1624954574899151,0.014046797682551326,-74.89658961872857,0.3,9
0083,9.89943489934073,footpoint,Exponential,0.9724236809479169,,,0.027816644503113108,0.7091618357352332,,,0.00011782436667183926,0.008460769420169368,0.01578506517940407,0.00014138924000620709,-156.83367813314078,0.3,9
0083,9.89943489934073,footpoint,Step-like,1.0244190403749693,,,,0.9008685310753352,0.1,0.05,0.00016804597375399117,0.010559220188042916,0.018851368298032706,0.00021605910911227436,-148.44291322148075,0.3,9
0083,9.89943489934073,apex,Gold-Hoyle,0.9656819061863059,0.08698510584892886,,,,,,0.00036131515961622114,0.013334325516849752,0.02787929098787778,0.000368688938383899,-788.5759959395097,0.7204454635878197,50
0083,9.89943489934073,apex,Lundquist,0.9721806702945256,,0.5,,,,,0.0068946025899389645,0.06995585489833162,0.12178484623488281,0.007035308765243842,-493.7016406680202,0.7204454635878197,50
0083,9.89943489934073,apex,Exponential,0.9656884543670072,,,0.15061514528266923,0.6646013198973846,,,0.00036112097270904844,0.013324055668307633,0.02787179819281214,0.0003722896625866478,-786.6297548539998,0.7204454635878197,50
0083,9.89943489934073,apex,Step-like,1.0064021429430363,,,,0.9046797963978328,0.1,0.18654913049949606,0.002256181487290963,0.04090263279651902,0.06966676569503975,0.0023501890492614204,-601.4081501644522,0.7204454635878197,50
0084,10.0187051993328,footpoint,Gold-Hoyle,0.9742863015050321,0.020342529009966314,,,,,,9.438447236042748e-05,0.007290130196682259,0.01410193920726699,0.00010618253140548089,-162.826411558186,0.3,9
0084,10.0187051993328,footpoint,Lundquist,0.9763874621224606,,0.5,,,,,0.011975646200347596,0.08550440918591948,0.15884664279185493,0.013472601975391043,-75.64784314292308,0.3,9
0084,10.0187051993328,footpoint,Exponential,0.9742858955747823,,,0.03725095577248346,0.7016592705777962,,,9.438820614929186e-05,0.00729051998309661,0.01410221813631928,0.00011326584737915021,-160.82569950388466,0.3,9
0084,10.0187051993328,footpoint,Step-like,1.0258359636579182,,,,0.9016633428445825,0.1,0.05,0.0001872381620279247,0.01124072659881234,0.01986212664143701,0.00024073477975018897,-146.49632474264607,0.3,9
0084,10.0187051993328,apex,Gold-Hoyle,0.9689530625449977,0.0890245041720821,,,,,,0.0003321066041408318,0.012859786858686209,0.026641740025062,0.0003388842899396243,-797.0054540767518,0.7204454254387065,50
0084,10.0187051993328,apex,Lundquist,0.975565040940945,,0.5,,,,,0.006739140524603049,0.0689268925142953,0.12001239046029845,0.0068766740046969895,-495.98228806456115,0.7204454254387065,50
0084,10.0187051993328,apex,Exponential,0.9689597578435731,,,0.15302634489974248,0.6596743350061413,,,0.0003318705043726713,0.012838705135760709,0.026632268326973914,0.00034213454059038275,-795.0765709192974,0.7204454254387065,50
0084,10.0187051993328,apex,Step-like,0.9698191364654785,,,,0.99,0.12112194359836219,0.5,0.0022341819372019875,0.03995594549344806,0.06910080364731232,0.00232727285125207,-602.3880141095283,0.7204454254387065,50
0085,10.1379754993248,footpoint,Gold-Hoyle,0.9756875756757065,0.025481426246845563,,,,,,7.876230759115794e-05,0.006147611422896388,0.012864552302271024,8.860759604005268e-05,-166.083367872232,0.3,9
0085,10.1379754993248,footpoint,Lundquist,0.9782748392956017,,0.5,,,,,0.011483434218741229,0.08329314396242146,0.15533572709676452,0.012918863496083883,-76.40329612577888,0.3,9
0085,10.1379754993248,footpoint,Exponential,0.9756887905583301,,,0.046134841207669995,0.6948220813372203,,,7.87658383093146e-05,0.006148052769512363,0.012864840641965242,9.451900597117751e-05,-164.08256099514142,0.3,9
0085,10.1379754993248,footpoint,Step-like,1.0270499740913615,,,,0.9019228829065052,0.1,0.05,0.00022492992370964823,0.012852591034468654,0.021739976941291546,0.00028919561619811923,-143.19498970007282,0.3,9
0085,10.1379754993248,apex,Gold-Hoyle,0.9589130521831792,0.08881947341836689,,,,,,0.00033286632926877514,0.012693476906639885,0.02695098278523246,0.00033965951966201537,-796.7769559174913,0.7204454534180724,50
0085,10.1379754993248,apex,Lundquist,0.9654453776702422,,0.5,,,,,0.0066268163593745395,0.068445864171607,0.12025195373701035,0.006762057509565857,-497.6630777083217,0.7204454534180724,50
0085,10.1379754993248,apex,Exponential,0.9589203197635624,,,0.155003339475102,0.6696670606325295,,,0.00033265444109974857,0.012679948196951464,0.02694240351036785,0.0003429427227832459,-794.8406318191259,0.7204454534180724,50
0085,10.1379754993248,apex,Step-like,1.0025486085045539,,,,0.9037634720764298,0.1,0.18716435916068916,0.002267254075740054,0.04053400585460171,0.07033796008012302,0.0023617229955625566,-600.9185837539171,0.7204454534180724,50
0086,10.2572457993169,footpoint,Gold-Hoyle,0.9873040585695336,0.05266418880962762,,,,,,3.661191930815153e-05,0.004377236325063292,0.008672552402249685,4.1188409221670465e-05,-179.87246022386046,0.3,9
0086,10.2572457993169,footpoint,Lundquist,0.9920683554826036,,0.5,,,,,0.009155049555522755,0.07316784590505132,0.13714059650271904,0.0102994307499631,-80.48209438066732,0.3,9
0086,10.2572457993169,footpoint,Exponential,0.9873072406489112,,,0.08968534628542234,0.6545087276441608,,,3.659054686417592e-05,0.0043770401567690565,0.00867002070352848,4.39086562370111e-05,-177.88297090777857,0.3,9
0086,10.2572457993169,footpoint,Step-like,1.0354088008135853,,,,0.9068330238387143,0.1,0.051164787094168517,0.0006793072197341809,0.020361383627555504,0.03735672536110784,0.0008733949968010897,-123.29986729878044,0.3,9
0086,10.2572457993169,apex,Gold-Hoyle,0.969186218992173,0.08882507583655978,,,,,,0.0003052787002657018,0.012377013966017824,0.02553737439185019,0.00031150887782214467,-805.4285423953111,0.7204454589234507,50
0086,10.2572457993169,apex,Lundquist,0.9758001904932909,,0.5,,,,,0.00672335250191385,0.06860369432417854,0.11984527943775478,0.006860563777463112,-496.21683644863293,0.7204454589234507,50
0086,10.2572457993169,apex,Exponential,0.9692025481666572,,,0.15263737092195023,0.659503457524002,,,0.0003050531037897178,0.012358683996049887,0.025527936775654084,0.0003144877358656885,-803.5024682448308,0.7204454589234507,50
0086,10.2572457993169,apex,Step-like,0.9700736900987309,,,,0.99,0.12088160093000296,0.5,0.002197549342582981,0.03942302303456765,0.06851683748896713,0.0022891138985239386,-604.04124742393,0.7204454589234507,50
0087,10.376516099309,footpoint,Gold-Hoyle,0.9869100519395997,0.04987216837266959,,,,,,3.5797113925337307e-05,0.00446475274827463,0.008578345294352679,4.027175316600447e-05,-180.27757861669022,0.3,9
0087,10.376516099309,footpoint,Lundquist,0.9914784901157346,,0.5,,,,,0.009400529475764467,0.07428375327116714,0.13901308271200735,0.010575595660235023,-80.00580675158841,0.3,9
0087,10.376516099309,footpoint,Exponential,0.986913225345542,,,0.08526328193997079,0.6572321008404927,,,3.5783555874737224e-05,0.004465376725083446,0.008576720629100358,4.294026704968467e-05,-178.2843973544188,0.3,9
0087,10.376516099309,footpoint,Step-like,1.0350770445732271,,,,0.9069388455573618,0.1,0.050658754881914604,0.0006117416935417184,0.01946399398316454,0.035462027070871344,0.0007865250345536381,-125.18560778121818,0.3,9
0087,10.376516099309,apex,Gold-Hoyle,0.9676034607986871,0.08874949715819892,,,,,,0.0002952464564421982,0.0122524364152659,0.025155494957132752,0.00030127189432877367,-808.7700101461077,0.7204454441908859,50
0087,10.376516099309,apex,Lundquist,0.9742076206618481,,0.5,,,,,0.006694651317556269,0.06829732270547761,0.11978556924319245,0.006831276854649257,-496.6446382068107,0.7204454441908859,50
0087,10.376516099309,apex,Exponential,0.9676103052515257,,,0.1529658355807597,0.6614791986800628,,,0.00029500413770788825,0.012231853372091669,0.025145169856178273,0.00030412797701844153,-806.8521172204602,0.7204454441908859,50
0087,10.376516099309,apex,Step-like,0.9685035470535562,,,,0.99,0.12121055740748572,0.5,0.0021763726037077567,0.03914064968268045,0.06829786772275419,0.0022670547955289137,-605.0095730866133,0.7204454441908859,50
0088,10.495786399301,footpoint,Gold-Hoyle,0.98098471508425,0.03937132747215844,,,,,,5.407482473109841e-05,0.0053307847772071796,0.010604445247843196,6.083417782248571e-05,-172.85255255941192,0.3,9
0088,10.495786399301,footpoint,Lundquist,0.9847619631043103,,0.5,,,,,0.010249517845433563,0.07799639114018189,0.14599638817888697,0.01153070757611276,-78.44944304977594,0.3,9
0088,10.495786399301,footpoint,Exponential,0.9809838796782625,,,0.06894354682318475,0.6735437976546241,,,5.407121928635603e-05,0.005331080395251559,0.010604091715687653,6.488546314362724e-05,-170.85375275133342,0.3,9
0088,10.495786399301,footpoint,Step-like,1.0311075403770429,,,,0.9037991954555639,0.1,0.05,0.00040757533254269946,0.01705514171784581,0.029113494676455336,0.0005240254275548993,-132.49512594603672,0.3,9
0088,10.495786399301,apex,Gold-Hoyle,0.9715189582741589,0.08298080323379638,,,,,,0.0002590757672006951,0.01115683142563095,0.023464500433330447,0.00026436302775581136,-821.8389997731178,0.7204454357742847,50
0088,10.495786399301,apex,Lundquist,0.977914804613576,,0.5,,,,,0.007163963963519237,0.07058216247625486,0.12338847941681087,0.007310167309713508,-489.86918248745974,0.7204454357742847,50
0088,10.495786399301,apex,Exponential,0.9715210798599178,,,0.14262916112934548,0.6598645630282816,,,0.0002589926957460326,0.011148222628403575,0.02346073823958502,0.0002670027791196212,-819.871069455407,0.7204454357742847,50
0088,10.495786399301,apex,Step-like,0.99880115943,,,,0.9373038970840851,0.1,0.18164638964096982,0.0019635479419678917,0.037378158637488286,0.0645979402833771,0.0020453624395498876,-615.3002267148356,0.7204454357742847,50
0089,10.6150566992931,footpoint,Gold-Hoyle,0.9881900833162265,0.020032292977623864,,,,,,1.880565357799929e-05,0.00318686166858286,0.006206569911199092,2.1156360275249204e-05,-191.86435324268126,0.3,9
0089,10.6150566992931,footpoint,Lundquist,0.9901773903512531,,0.5,,,,,0.012384456979640293,0.08646051250841992,0.15927437893179255,0.013932514102095332,-75.04363511463362,0.3,9
0089,10.6150566992931,footpoint,Exponential,0.9881914333920983,,,0.035099811771885606,0.673903499719152,,,1.8807323330547084e-05,0.00318817663968142,0.006206845445517729,2.2568787996656494e-05,-189.86275509508687,0.3,9
0089,10.6150566992931,footpoint,Step-like,1.0343069925586765,,,,0.9124626458126016,0.1,0.05,0.00011234772388250698,0.008163852809919983,0.015170139518202952,0.00014444707356322327,-155.69041257648885,0.3,9
0089,10.6150566992931,apex,Gold-Hoyle,0.973550444950264,0.06740491178030492,,,,,,0.00022220333046333356,0.0107125198168741,0.021673403194648003,0.00022673809230952405,-837.1917687786831,0.7204454442277335,50
0089,10.6150566992931,apex,Lundquist,0.9791620620586794,,0.5,,,,,0.00847127129957146,0.07561850611077107,0.13382157089243185,0.008644154387317816,-473.10746870627565,0.7204454442277335,50
0089,10.6150566992931,apex,Exponential,0.97355224928054,,,0.11694903150554183,0.6665926482327214,,,0.0002221144229582653,0.010699989661225106,0.02166906680376563,0.00022898394119408796,-835.2317885641496,0.7204454442277335,50
0089,10.6150566992931,apex,Step-like,1.0170174082700374,,,,0.9078046768986131,0.1,0.17549238844209988,0.001386597791172453,0.03212257179381112,0.05414110064042932,0.0014443726991379717,-650.090216371703,0.7204454442277335,50
0090,10.7343269992851,footpoint,Gold-Hoyle,0.995696136936528,0.001,,,,,,3.069023844375185e-05,0.003951531078302495,0.007868192356230513,3.452651824922083e-05,-183.04818597231707,0.3,9
0090,10.7343269992851,footpoint,Lundquist,0.9949593692893789,,0.5,,,,,0.015327738606286957,0.09455603867251502,0.17583846348797055,0.01724370593207283,-71.20564000126643,0.3,9
0090,10.7343269992851,footpoint,Exponential,0.9956961296259093,,,0.01,0.99,,,3.0690118487175853e-05,0.003951525603535301,0.007868176979316152,3.682814218461102e-05,-181.0482563276687,0.3,9
0090,10.7343269992851,footpoint,Step-like,1.038601941866178,,,,0.9190853644595435,0.1,0.05,2.8664146217045672e-05,0.0038920262173032846,0.007604039122953025,3.685390227905872e-05,-180.2775419563368,0.3,9
0090,10.7343269992851,apex,Gold-Hoyle,0.9617808713720726,0.045367145170892846,,,,,,0.00021142243892114876,0.00952520798223813,0.02138656500676902,0.00021573718257260075,-842.165234105489,0.720445465045327,50
0090,10.7343269992851,apex,Lundquist,0.9657706879114932,,0.5,,,,,0.010294793914515378,0.08327032493254885,0.14923624929287177,0.010504891749505488,-453.6116956622573,0.720445465045327,50
0090,10.7343269992851,apex,Exponential,0.961779484424528,,,0.08220036505074459,0.69451008940005,,,0.00021143175325718453,0.009527097873858715,0.021387036100235266,0.00021797087964658198,-840.160828645562,0.720445465045327,50
0090,10.7343269992851,apex,Step-like,0.9972160858036552,,,,0.9255243471792859,0.1,0.1679129404014032,0.0007432256725757592,0.023942301071205842,0.04009828961712093,0.0007741934089330826,-712.4510826422224,0.720445465045327,50
0091,10.8535972992772,footpoint,Gold-Hoyle,0.9917784895991257,0.006028568039426238,,,,,,4.503341631146026e-05,0.0048975139691237145,0.009568675803565102,5.0662593350392796e-05,-176.14590326363665,0.3,9
0091,10.8535972992772,footpoint,Lundquist,0.9922406920250336,,0.5,,,,,0.014062030938069795,0.0901818714419825,0.16908629879567152,0.015819784805328523,-72.75698519031911,0.3,9
0091,10.8535972992772,footpoint,Exponential,0.9917779388714492,,,0.010633585267650899,0.6785462801178436,,,4.503326964215453e-05,0.004897345134238881,0.009568660221445263,5.403992357058544e-05,-174.1459618879197,0.3,9
0091,10.8535972992772,footpoint,Step-like,1.036879100697457,,,,0.9148640951261011,0.1,0.05,5.356794141382309e-05,0.005475739267863699,0.010436067314838022,6.887306753205825e-05,-169.022075645955,0.3,9
0092,10.9728675992692,footpoint,Gold-Hoyle,0.9964508152844004,0.020663439614873068,,,,,,6.456362774826094e-05,0.005919586854488663,0.011404322041459832,7.263408121679355e-05,-169.6614679076923,0.3,9
0092,10.9728675992692,footpoint,Lundquist,0.99840834527788,,0.5,,,,,0.012675165075806459,0.0850901691464802,0.15979100280697653,0.014259560710282266,-74.6259927040137,0.3,9
0092,10.9728675992692,footpoint,Exponential,0.9964501666700031,,,0.03529155121350284,0.6570808691863832,,,6.455776182076303e-05,0.005919332471638923,0.011403803959932042,7.746931418491563e-05,-167.66310337171188,0.3,9
0092,10.9728675992692,footpoint,Step-like,1.0400590108944048,,,,0.9175215775570857,0.1,0.05,0.00016660148294634077,0.00996133250966505,0.018319555911702506,0.00021420190664529534,-148.59830657854468,0.3,9
0092,10.9728675992692,apex,Gold-Hoyle,0.9932241133497458,0.00517787913849462,,,,,,3.078599416280065e-05,0.004528690345760038,0.007900125052263056,3.4634243433150734e-05,-182.99211213019552,0.3,9
0092,10.9728675992692,apex,Lundquist,0.9934515028918827,,0.5,,,,,0.01546797537741671,0.09578836753214101,0.1770818744966217,0.017401472299593802,-71.04170294624919,0.3,9
0092,10.9728675992692,apex,Exponential,0.9932254476532973,,,0.01,0.676006735877288,,,3.0855121603922666e-05,0.0045612287101319884,0.007908989622395135,3.70261459247072e-05,-180.95173990766264,0.3,9
0092,10.9728675992692,apex,Step-like,1.1301562225091575,,,,0.7723429711488313,0.1,0.05,3.767164178889994e-05,0.004856639981680999,0.008739058537672375,4.8434968014299914e-05,-175.3588526897063,0.3,9
0093,11.0921378992613,footpoint,Gold-Hoyle,0.9943483789943032,0.012789462423058723,,,,,,5.925987613612019e-05,0.0061439205043839935,0.010948331913089367,6.666736065313524e-05,-171.20440560421505,0.3,9
0093,11.0921378992613,footpoint,Lundquist,0.9954509756308207,,0.5,,,,,0.013501517178802405,0.0882276994309519,0.16525662237811553,0.015189206826152707,-73.48915789093869,0.3,9
0093,11.0921378992613,footpoint,Exponential,0.9943479542094612,,,0.022158107695661726,0.6670410315722628,,,5.9258483646974826e-05,0.0061436017189473256,0.01094820328032886,7.11101803763698e-05,-169.20482857335233,0.3,9
0093,11.0921378992613,footpoint,Step-like,1.0380766763611342,,,,0.9173787112340365,0.1,0.05,9.823370669116813e-05,0.007907344677820588,0.014096063624882537,0.00012630048003150191,-158.1069006278501,0.3,9
0093,11.0921378992613,apex,Gold-Hoyle,0.9935016130544568,0.006811887094619132,,,,,,3.495422288057088e-05,0.004736056546767849,0.008415618138762338,3.932350074064225e-05,-180.70648234942763,0.3069649265506485,9
0093,11.0921378992613,apex,Lundquist,0.9939344223836428,,0.5,,,,,0.014589600087497748,0.0925459398584691,0.17193246483674268,0.016413300098434967,-72.09403388232515,0.3069649265506485,9
0093,11.0921378992613,apex,Exponential,0.9935010245050528,,,0.011928323913136226,0.6741109618805972,,,3.495405825030651e-05,0.004735857075504667,0.008415598320454902,4.1944869900367814e-05,-178.70656712750045,0.3069649265506485,9
0093,11.0921378992613,apex,Step-like,1.1059974114719227,,,,0.8068779756108395,0.1,0.05,4.634284515595956e-05,0.005302731314107057,0.00969008400512155,5.958365805766228e-05,-171.62998519342443,0.3069649265506485,9
0094,11.2114081992534,footpoint,Gold-Hoyle,0.9880829418774782,0.001,,,,,,7.022412426017861e-05,0.007142027012193186,0.01199316028531199,8.426894911221433e-05,-110.76582369556135,0.3,6
0094,11.2114081992534,footpoint,Lundquist,0.9877256458253757,,0.5,,,,,0.016062977328087896,0.09787630760645974,0.18138588785226004,0.019275572793705474,-45.57485839738667,0.3,6
0094,11.2114081992534,footpoint,Exponential,0.9880829418937035,,,0.01,0.99,,,7.022407094294084e-05,0.0071420200375904444,0.01199315573244425,9.363209459058778e-05,-108.76583280649143,0.3,6
0094,11.2114081992534,footpoint,Step-like,1.02612930519178,,,,0.9272512233375259,0.1310946259067729,0.4999951078461565,4.727618445200372e-05,0.005661609775335623,0.009840375729455253,7.091427667800557e-05,-111.51404641684474,0.3,6
0094,11.2114081992534,apex,Gold-Hoyle,0.9931693648856157,0.006969093832304829,,,,,,3.153806969745576e-05,0.004685756004350004,0.007996519650286936,3.7845683636946926e-05,-120.3717817798873,0.3,6
0094,11.2114081992534,apex,Lundquist,0.9935989168733136,,0.5,,,,,0.015418560617816783,0.09789323594554977,0.17680940829864852,0.01850227274138014,-46.06619912344513,0.3,6
0094,11.2114081992534,apex,Exponential,0.9931688903579092,,,0.01220937161114005,0.6743598327157837,,,3.153823920454634e-05,0.0046859702791543344,0.007996541139632548,4.2050985606061805e-05,-118.37171728388053,0.3,6
0094,11.2114081992534,apex,Step-like,0.9981471669464951,,,,0.99,0.1,0.4507935247118991,4.418353383137604e-05,0.005627734639386079,0.009464848756569867,6.627530074706406e-05,-112.32590024090626,0.3,6
